000000
000001
000002
000003
000004
000005
000006
000007
000009
000010
000011
000012
000013
000014
000016
000017
000018
000021
000022
000023
000024
000025
000026
000027
000028
000029
000031
000032
000035
000036
000037
000042
000043
000045
000046
000047
000048
000049
000050
000052
000056
000058
000059
000060
000061
000063
000066
000067
000069
000073
000075
000076
000080
000081
000082
000083
000084
000085
000089
000091
000093
000095
000096
000099
000101
000102
000103
000104
000106
000107
000109
000110
000111
000112
000114
000115
000116
000117
000119
000120
000121
000122
000124
000125
000126
000130
000132
000135
000136
000137
000138
000140
000142
000143
000145
000146
000148
000149
000150
000151
000152
000153
000156
000158
000159
000160
000163
000164
000166
000167
000168
000169
000170
000173
000175
000177
000178
000184
000185
000187
000188
000189
000190
000193
000194
000198
000199
000200
000202
000203
000204
000205
000206
000207
000210
000211
000212
000213
000214
000215
000216
000219
000220
000221
000222
000223
000224
000226
000227
000228
000230
000232
000233
000234
000235
000236
000237
000241
000242
000243
000245
000246
000247
000248
000250
000252
000253
000256
000258
000259
000260
000262
000263
000264
000266
000270
000271
000272
000273
000276
000277
000280
000281
000286
000289
000290
000291
000292
000293
000295
000296
000297
000298
000299
000300
000301
000302
000304
000306
000307
000309
000310
000312
000316
000318
000319
000326
000327
000328
000330
000331
000334
000336
000337
000339
000343
000346
000347
000351
000353
000354
000355
000356
000358
000360
000361
000362
000364
000368
000369
000371
000372
000373
000374
000375
000376
000379
000380
000381
000383
000384
000385
000386
000389
000390
000391
000392
000393
000395
000396
000397
000400
000403
000405
000409
000413
000416
000417
000419
000420
000421
000424
000427
000430
000431
000432
000433
000434
000435
000439
000440
000441
000442
000443
000444
000446
000450
000456
000458
000460
000462
000464
000465
000466
000468
000469
000471
000472
000473
000475
000477
000478
000479
000481
000484
000486
000487
000489
000492
000493
000494
000495
000496
000500
000501
000503
000506
000508
000509
000510
000511
000512
000513
000514
000515
000516
000517
000520
000521
000522
000524
000525
000526
000527
000528
000529
000534
000535
000536
000540
000541
000542
000543
000544
000545
000546
000547
000548
000551
000553
000554
000558
000559
000561
000562
000564
000565
000566
000567
000571
000573
000574
000577
000578
000580
000581
000583
000585
000586
000587
000590
000591
000592
000594
000595
000600
000605
000607
000608
000609
000613
000615
000617
000618
000623
000625
000626
000627
000630
000631
000632
000634
000636
000638
000640
000643
000644
000645
000646
000647
000649
000651
000652
000653
000658
000659
000661
000662
000663
000665
000668
000671
000673
000674
000675
000676
000678
000679
000683
000685
000687
000688
000689
000692
000693
000696
000697
000698
000699
000701
000702
000703
000705
000709
000710
000712
000714
000716
000720
000721
000722
000725
000727
000728
000729
000732
000733
000735
000736
000738
000740
000741
000742
000743
000744
000745
000746
000749
000753
000754
000755
000756
000757
000758
000759
000761
000765
000767
000769
000771
000773
000774
000775
000776
000777
000781
000782
000783
000787
000788
000789
000790
000791
000793
000796
000797
000798
000800
000801
000802
000803
000804
000807
000808
000809
000811
000813
000815
000816
000818
000819
000820
000822
000823
000824
000826
000829
000830
000831
000832
000833
000838
000841
000842
000843
000849
000850
000851
000853
000854
000858
000859
000861
000865
000866
000867
000869
000870
000871
000872
000873
000875
000876
000881
000882
000883
000885
000887
000889
000890
000891
000893
000896
000897
000901
000902
000903
000911
000913
000914
000915
000916
000918
000919
000920
000922
000924
000925
000927
000931
000933
000934
000935
000937
000938
000939
000940
000942
000943
000944
000947
000949
000950
000953
000955
000956
000957
000959
000960
000961
000963
000964
000965
000967
000968
000969
000970
000971
000973
000976
000978
000980
000981
000982
000985
000986
000987
000989
000990
000991
000993
000996
000998
001000
001001
001002
001004
001006
001007
001009
001011
001012
001014
001019
001020
001021
001022
001023
001025
001026
001027
001028
001029
001032
001033
001034
001036
001038
001040
001041
001042
001045
001047
001048
001053
001054
001055
001056
001057
001058
001059
001060
001061
001062
001063
001064
001066
001067
001068
001069
001070
001074
001075
001076
001078
001079
001080
001081
001082
001083
001086
001087
001088
001089
001091
001093
001095
001097
001098
001099
001100
001105
001106
001108
001109
001110
001111
001112
001113
001115
001121
001122
001123
001129
001130
001131
001132
001133
001134
001136
001137
001139
001143
001144
001145
001146
001147
001148
001151
001153
001155
001156
001159
001160
001161
001162
001164
001165
001166
001167
001171
001173
001174
001176
001177
001178
001179
001182
001184
001185
001188
001191
001193
001194
001196
001197
001200
001201
001203
001204
001206
001207
001209
001210
001211
001212
001215
001218
001219
001220
001224
001227
001229
001231
001232
001233
001238
001240
001241
001242
001243
001244
001246
001247
001249
001250
001251
001252
001253
001257
001258
001260
001263
001264
001266
001267
001268
001271
001273
001274
001275
001276
001277
001278
001282
001284
001285
001286
001287
001288
001289
001290
001291
001293
001294
001295
001297
001298
001303
001308
001309
001311
001312
001313
001317
001318
001319
001320
001321
001322
001323
001324
001326
001327
001328
001330
001332
001333
001334
001335
001336
001337
001339
001342
001343
001346
001347
001348
001349
001350
001351
001353
001354
001355
001357
001358
001361
001362
001364
001366
001367
001368
001369
001370
001371
001373
001374
001375
001376
001377
001378
001379
001381
001383
001384
001385
001386
001388
001392
001393
001394
001398
001399
001400
001401
001403
001405
001406
001407
001408
001409
001410
001414
001415
001416
001418
001419
001421
001422
001424
001429
001432
001435
001436
001437
001438
001440
001442
001443
001444
001447
001450
001451
001452
001453
001456
001460
001462
001463
001466
001467
001468
001469
001471
001472
001473
001474
001477
001478
001480
001481
001482
001484
001485
001488
001493
001494
001495
001496
001500
001501
001502
001505
001507
001508
001511
001515
001516
001517
001518
001519
001521
001522
001525
001526
001527
001528
001529
001530
001533
001534
001536
001537
001538
001539
001541
001542
001544
001547
001548
001549
001550
001551
001552
001553
001554
001555
001557
001559
001561
001562
001565
001566
001568
001570
001571
001572
001573
001574
001575
001579
001581
001582
001583
001584
001585
001588
001589
001591
001592
001596
001598
001601
001604
001607
001608
001609
001612
001613
001614
001617
001619
001624
001626
001627
001629
001630
001632
001633
001634
001636
001637
001638
001639
001640
001642
001643
001647
001651
001654
001656
001657
001658
001661
001662
001663
001664
001665
001666
001667
001669
001670
001671
001673
001674
001677
001679
001680
001681
001682
001683
001684
001685
001688
001689
001691
001693
001695
001696
001697
001698
001699
001700
001701
001702
001704
001707
001708
001709
001711
001712
001713
001716
001718
001719
001720
001721
001723
001725
001727
001729
001730
001731
001732
001733
001735
001738
001739
001740
001744
001745
001746
001747
001749
001750
001751
001756
001757
001758
001759
001760
001761
001763
001764
001767
001768
001769
001770
001771
001772
001773
001775
001776
001779
001781
001783
001784
001786
001791
001794
001797
001799
001800
001801
001802
001805
001808
001810
001812
001813
001817
001818
001819
001821
001824
001825
001827
001829
001830
001833
001834
001835
001836
001838
001839
001840
001841
001842
001843
001844
001845
001846
001847
001849
001851
001852
001853
001854
001857
001858
001860
001861
001862
001864
001866
001867
001868
001870
001871
001872
001873
001876
001877
001879
001881
001882
001883
001884
001888
001889
001890
001891
001894
001896
001897
001898
001900
001901
001903
001904
001906
001910
001911
001912
001916
001917
001918
001919
001921
001922
001923
001926
001928
001929
001930
001931
001933
001935
001937
001940
001942
001946
001947
001948
001949
001951
001952
001953
001955
001956
001958
001961
001962
001963
001964
001967
001968
001971
001972
001973
001975
001976
001977
001979
001981
001982
001983
001985
001986
001988
001990
001991
001993
001994
001995
001996
001998
002000
002002
002003
002007
002008
002009
002010
002011
002014
002016
002018
002020
002022
002023
002024
002025
002027
002028
002029
002031
002032
002034
002038
002039
002042
002044
002046
002050
002052
002053
002054
002055
002057
002058
002060
002061
002062
002063
002065
002066
002067
002068
002070
002071
002072
002074
002075
002076
002077
002079
002080
002081
002082
002083
002084
002085
002086
002087
002088
002090
002091
002093
002095
002099
002100
002101
002104
002111
002112
002114
002116
002117
002118
002122
002125
002127
002129
002130
002131
002134
002135
002140
002141
002142
002148
002150
002152
002153
002156
002157
002158
002159
002161
002162
002163
002165
002167
002168
002170
002173
002174
002175
002176
002178
002182
002183
002184
002185
002187
002188
002191
002192
002193
002194
002196
002198
002203
002205
002206
002207
002208
002209
002213
002215
002217
002220
002221
002222
002223
002224
002226
002228
002231
002232
002233
002234
002235
002238
002239
002241
002242
002243
002244
002246
002247
002248
002249
002252
002253
002254
002257
002258
002261
002262
002263
002265
002267
002269
002270
002271
002272
002275
002278
002279
002280
002281
002282
002286
002289
002290
002291
002292
002294
002295
002298
002299
002300
002301
002302
002304
002305
002306
002307
002308
002310
002311
002312
002313
002316
002317
002318
002319
002320
002321
002322
002323
002326
002327
002328
002329
002332
002333
002335
002338
002339
002340
002341
002342
002343
002344
002345
002348
002349
002350
002351
002352
002353
002354
002355
002356
002359
002360
002362
002363
002365
002366
002367
002368
002370
002372
002373
002374
002376
002377
002378
002379
002380
002381
002382
002383
002385
002386
002387
002388
002389
002390
002391
002392
002393
002394
002395
002396
002397
002398
002400
002404
002411
002412
002413
002415
002417
002420
002421
002428
002431
002432
002435
002436
002437
002439
002441
002442
002443
002444
002445
002447
002449
002450
002451
002452
002454
002455
002459
002462
002464
002466
002467
002468
002470
002471
002472
002473
002474
002475
002477
002478
002479
002480
002482
002484
002485
002487
002488
002490
002491
002492
002493
002495
002498
002499
002501
002502
002504
002505
002506
002507
002510
002511
002512
002514
002515
002516
002519
002522
002524
002527
002528
002529
002530
002533
002535
002536
002538
002540
002541
002543
002545
002548
002549
002550
002551
002552
002554
002555
002556
002560
002562
002563
002564
002565
002567
002570
002572
002574
002575
002577
002578
002579
002580
002581
002582
002583
002585
002586
002588
002589
002595
002596
002601
002602
002604
002606
002608
002609
002610
002611
002612
002613
002614
002616
002617
002618
002619
002621
002622
002626
002628
002629
002631
002633
002634
002635
002637
002639
002640
002641
002642
002644
002645
002647
002649
002650
002652
002654
002656
002657
002658
002659
002660
002661
002662
002663
002664
002665
002666
002667
002668
002669
002671
002672
002674
002675
002676
002679
002680
002682
002683
002684
002685
002686
002687
002688
002690
002691
002692
002693
002694
002695
002696
002698
002699
002700
002701
002702
002704
002708
002709
002710
002711
002713
002715
002717
002719
002720
002721
002723
002724
002726
002727
002729
002733
002735
002736
002737
002738
002739
002741
002742
002744
002745
002747
002748
002749
002750
002751
002752
002753
002754
002757
002759
002760
002761
002763
002765
002766
002769
002772
002774
002775
002777
002778
002779
002780
002782
002783
002785
002786
002787
002789
002790
002792
002793
002795
002796
002797
002799
002802
002804
002805
002806
002808
002809
002810
002813
002814
002815
002819
002820
002821
002822
002824
002825
002826
002827
002828
002832
002833
002835
002836
002837
002841
002842
002843
002847
002848
002850
002851
002854
002857
002859
002860
002862
002863
002864
002865
002866
002867
002868
002870
002873
002875
002876
002879
002882
002883
002884
002886
002887
002888
002889
002890
002891
002892
002895
002896
002897
002901
002902
002903
002904
002905
002907
002908
002909
002911
002912
002916
002917
002919
002920
002921
002924
002925
002927
002932
002933
002934
002935
002939
002945
002946
002948
002950
002952
002954
002955
002958
002959
002960
002961
002962
002966
002969
002970
002971
002972
002975
002977
002978
002981
002983
002987
002988
002989
002991
002992
002994
002995
002997
003003
003004
003007
003008
003009
003010
003013
003016
003018
003020
003021
003023
003024
003025
003026
003027
003028
003029
003030
003032
003033
003034
003035
003036
003037
003038
003040
003045
003046
003048
003049
003050
003051
003052
003056
003059
003060
003061
003062
003063
003064
003065
003067
003073
003074
003075
003077
003080
003081
003082
003083
003084
003085
003087
003090
003091
003096
003097
003098
003099
003100
003102
003103
003104
003109
003111
003115
003116
003119
003120
003121
003122
003123
003125
003131
003132
003137
003138
003139
003142
003143
003146
003147
003149
003151
003154
003155
003156
003157
003160
003161
003162
003163
003165
003167
003169
003171
003172
003174
003176
003177
003179
003180
003181
003182
003183
003186
003187
003194
003198
003201
003203
003204
003208
003209
003210
003211
003212
003213
003214
003217
003218
003219
003220
003222
003224
003225
003227
003228
003229
003230
003231
003236
003240
003241
003242
003244
003245
003247
003248
003249
003251
003253
003261
003264
003265
003266
003267
003268
003271
003272
003273
003274
003277
003279
003280
003282
003283
003285
003286
003287
003289
003290
003292
003295
003296
003297
003299
003300
003301
003303
003305
003307
003308
003309
003310
003311
003312
003315
003317
003318
003320
003323
003326
003328
003330
003332
003333
003336
003337
003341
003343
003344
003346
003347
003348
003351
003354
003359
003360
003361
003362
003363
003365
003368
003369
003370
003371
003375
003376
003378
003379
003380
003382
003383
003384
003387
003390
003391
003393
003395
003400
003402
003403
003405
003406
003407
003408
003410
003412
003413
003415
003416
003417
003418
003419
003421
003423
003424
003427
003428
003429
003430
003431
003433
003435
003436
003438
003439
003440
003443
003444
003446
003447
003449
003450
003452
003453
003454
003455
003456
003458
003462
003464
003465
003466
003469
003470
003471
003472
003473
003474
003476
003478
003480
003482
003483
003485
003486
003487
003489
003490
003491
003493
003494
003496
003497
003499
003501
003503
003504
003507
003508
003510
003511
003512
003514
003516
003517
003521
003522
003523
003524
003526
003527
003528
003529
003532
003533
003534
003537
003539
003540
003541
003542
003543
003544
003547
003548
003549
003550
003551
003552
003553
003556
003558
003559
003560
003564
003566
003568
003569
003571
003572
003573
003576
003577
003579
003580
003581
003582
003585
003586
003587
003588
003589
003591
003593
003597
003598
003600
003601
003603
003610
003611
003612
003616
003617
003618
003619
003621
003623
003627
003628
003629
003630
003631
003637
003638
003639
003640
003642
003645
003647
003648
003650
003651
003652
003654
003655
003659
003660
003661
003662
003663
003664
003665
003666
003667
003670
003672
003676
003677
003678
003680
003682
003684
003685
003687
003688
003689
003690
003691
003694
003695
003697
003698
003699
003703
003704
003708
003709
003710
003711
003712
003713
003718
003719
003722
003724
003725
003726
003727
003728
003731
003732
003733
003734
003735
003739
003741
003742
003743
003744
003745
003748
003751
003753
003754
003755
003756
003757
003758
003759
003760
003762
003763
003764
003765
003766
003768
003769
003771
003772
003773
003775
003776
003778
003779
003780
003781
003783
003784
003790
003792
003793
003794
003797
003798
003801
003802
003804
003810
003811
003812
003813
003814
003818
003819
003824
003826
003831
003833
003834
003835
003837
003841
003843
003844
003845
003846
003847
003848
003852
003854
003855
003859
003860
003862
003865
003866
003869
003871
003875
003876
003877
003879
003880
003883
003884
003887
003889
003890
003891
003892
003893
003895
003896
003899
003901
003905
003906
003907
003909
003910
003913
003915
003917
003918
003920
003921
003924
003925
003926
003927
003929
003930
003932
003935
003936
003937
003938
003939
003940
003941
003943
003944
003950
003953
003955
003956
003958
003960
003962
003963
003964
003966
003967
003968
003973
003974
003976
003977
003978
003979
003982
003983
003984
003985
003989
003991
003992
003994
003997
003998
004001
004002
004004
004005
004006
004007
004008
004010
004014
004015
004016
004017
004020
004024
004025
004026
004027
004030
004033
004034
004035
004038
004039
004041
004042
004046
004047
004048
004050
004052
004053
004054
004055
004056
004057
004061
004062
004063
004064
004065
004067
004068
004070
004072
004074
004077
004080
004082
004084
004085
004086
004089
004094
004095
004098
004100
004101
004103
004105
004107
004109
004112
004114
004116
004118
004119
004120
004121
004124
004126
004127
004128
004129
004132
004135
004136
004138
004139
004141
004142
004143
004145
004147
004148
004149
004151
004153
004154
004155
004157
004160
004165
004168
004171
004172
004175
004176
004178
004181
004182
004183
004184
004187
004188
004191
004192
004193
004195
004196
004198
004200
004201
004203
004204
004205
004207
004209
004212
004213
004214
004215
004217
004218
004220
004221
004223
004224
004225
004228
004229
004230
004231
004232
004234
004236
004237
004239
004240
004242
004243
004246
004251
004253
004255
004258
004259
004260
004261
004262
004263
004264
004266
004267
004269
004271
004272
004273
004275
004276
004277
004281
004282
004283
004285
004291
004292
004294
004295
004296
004297
004298
004299
004303
004307
004310
004311
004312
004314
004315
004317
004318
004319
004323
004324
004327
004328
004333
004334
004336
004339
004340
004341
004342
004343
004344
004346
004348
004349
004350
004351
004353
004354
004355
004357
004358
004359
004361
004364
004366
004367
004369
004371
004374
004376
004377
004379
004380
004382
004383
004384
004386
004387
004389
004390
004395
004396
004397
004398
004400
004401
004402
004404
004406
004407
004408
004410
004411
004412
004416
004418
004419
004420
004424
004426
004427
004428
004429
004431
004432
004433
004434
004435
004439
004442
004443
004444
004445
004446
004447
004448
004449
004450
004455
004456
004457
004459
004461
004462
004463
004464
004465
004466
004468
004470
004472
004473
004474
004475
004478
004480
004485
004486
004487
004488
004489
004490
004492
004493
004495
004497
004498
004501
004504
004506
004507
004508
004511
004512
004515
004516
004517
004518
004519
004521
004526
004527
004531
004533
004534
004535
004539
004544
004546
004550
004551
004552
004555
004556
004557
004558
004559
004560
004561
004563
004564
004565
004566
004567
004568
004569
004574
004576
004579
004580
004582
004586
004587
004590
004591
004592
004594
004595
004597
004600
004602
004603
004606
004608
004609
004611
004613
004614
004617
004618
004619
004621
004622
004623
004625
004626
004628
004630
004631
004632
004633
004636
004637
004638
004639
004640
004641
004643
004644
004647
004648
004649
004650
004651
004652
004653
004654
004656
004657
004658
004661
004666
004667
004669
004671
004672
004673
004675
004677
004681
004683
004688
004690
004693
004697
004698
004699
004700
004701
004702
004704
004706
004707
004710
004711
004713
004714
004715
004717
004718
004722
004724
004725
004729
004730
004731
004733
004736
004737
004738
004739
004743
004744
004745
004746
004747
004749
004751
004753
004754
004756
004760
004761
004763
004764
004765
004767
004769
004771
004772
004773
004777
004778
004779
004780
004781
004782
004785
004789
004790
004791
004793
004794
004797
004798
004800
004803
004804
004806
004807
004808
004811
004814
004815
004816
004817
004818
004819
004821
004822
004823
004824
004825
004826
004829
004830
004831
004832
004834
004835
004836
004837
004841
004844
004845
004847
004848
004849
004851
004852
004858
004861
004862
004865
004866
004868
004870
004871
004873
004875
004877
004878
004879
004880
004882
004883
004884
004885
004886
004890
004891
004892
004894
004895
004896
004897
004898
004902
004903
004904
004905
004907
004908
004911
004912
004913
004915
004916
004917
004918
004919
004920
004921
004923
004924
004928
004929
004932
004933
004934
004935
004937
004938
004942
004947
004948
004951
004952
004953
004954
004955
004957
004958
004959
004963
004965
004967
004968
004969
004971
004973
004975
004977
004979
004980
004985
004989
004992
004993
004994
004995
004999
005000
005001
005002
005003
005004
005008
005009
005010
005011
005012
005014
005015
005017
005018
005019
005020
005021
005022
005023
005024
005026
005028
005029
005030
005031
005032
005034
005036
005038
005041
005042
005043
005045
005046
005048
005050
005052
005053
005055
005057
005059
005060
005065
005067
005069
005070
005071
005074
005076
005080
005081
005082
005083
005084
005087
005088
005089
005093
005094
005095
005100
005101
005102
005103
005106
005108
005109
005110
005111
005113
005115
005116
005118
005119
005120
005122
005123
005125
005126
005130
005134
005135
005137
005139
005141
005142
005144
005145
005146
005147
005148
005152
005153
005154
005156
005157
005158
005161
005162
005163
005164
005166
005167
005170
005176
005180
005181
005183
005186
005187
005188
005191
005192
005193
005194
005195
005196
005198
005201
005202
005203
005204
005206
005207
005209
005211
005214
005215
005216
005217
005218
005219
005220
005222
005224
005225
005226
005227
005228
005229
005230
005232
005233
005235
005240
005241
005242
005243
005244
005246
005248
005249
005250
005251
005253
005254
005256
005257
005258
005261
005263
005264
005269
005270
005272
005273
005274
005280
005282
005283
005284
005285
005288
005289
005291
005292
005293
005295
005296
005297
005298
005299
005300
005302
005303
005307
005308
005309
005311
005314
005315
005316
005317
005319
005320
005322
005323
005324
005325
005326
005331
005335
005337
005338
005339
005343
005344
005345
005346
005348
005349
005350
005351
005352
005353
005355
005356
005357
005358
005359
005360
005361
005362
005363
005364
005365
005366
005368
005369
005371
005374
005377
005378
005381
005382
005383
005386
005387
005390
005391
005393
005399
005400
005404
005405
005406
005407
005410
005411
005413
005414
005416
005418
005419
005421
005422
005423
005424
005425
005426
005432
005434
005435
005436
005437
005438
005439
005440
005444
005446
005447
005449
005451
005457
005458
005459
005460
005461
005462
005466
005468
005469
005470
005472
005473
005474
005478
005479
005482
005485
005486
005487
005489
005490
005491
005492
005494
005495
005497
005501
005503
005505
005506
005507
005509
005511
005512
005513
005514
005515
005516
005517
005518
005519
005520
005521
005525
005528
005530
005531
005533
005534
005535
005536
005539
005540
005545
005546
005547
005553
005556
005557
005558
005559
005562
005563
005564
005565
005568
005569
005572
005573
005574
005575
005576
005578
005579
005580
005581
005582
005583
005584
005586
005587
005589
005591
005592
005594
005595
005596
005597
005599
005602
005607
005611
005612
005613
005614
005616
005617
005618
005620
005621
005622
005623
005626
005627
005631
005634
005636
005637
005640
005641
005642
005643
005644
005646
005647
005648
005649
005650
005652
005653
005654
005655
005658
005660
005662
005663
005664
005666
005669
005673
005675
005677
005678
005679
005681
005682
005685
005686
005687
005689
005691
005692
005693
005696
005698
005699
005700
005701
005703
005704
005708
005709
005713
005715
005716
005719
005721
005722
005724
005725
005726
005727
005728
005729
005734
005738
005739
005742
005744
005745
005746
005748
005749
005751
005752
005753
005754
005755
005756
005758
005759
005760
005763
005764
005765
005766
005767
005768
005769
005771
005772
005773
005775
005777
005779
005783
005784
005785
005790
005792
005793
005794
005795
005796
005797
005798
005799
005800
005803
005804
005805
005808
005809
005810
005811
005814
005815
005816
005817
005818
005819
005820
005821
005824
005825
005828
005829
005830
005831
005832
005833
005834
005836
005838
005842
005844
005847
005848
005850
005852
005853
005854
005856
005857
005860
005861
005865
005866
005867
005868
005871
005872
005875
005876
005881
005884
005885
005889
005890
005891
005893
005894
005896
005897
005899
005900
005902
005903
005904
005905
005908
005910
005913
005917
005918
005919
005920
005924
005926
005927
005929
005930
005931
005934
005935
005936
005937
005938
005940
005941
005942
005944
005945
005946
005947
005949
005956
005958
005960
005962
005963
005966
005967
005968
005969
005971
005972
005973
005974
005977
005978
005979
005981
005982
005983
005986
005987
005988
005989
005990
005991
005992
005993
005996
005998
005999
006000
006002
006004
006005
006006
006007
006008
006010
006011
006012
006016
006017
006019
006020
006021
006022
006023
006025
006027
006029
006030
006031
006033
006034
006035
006036
006038
006040
006042
006043
006044
006045
006050
006052
006054
006055
006057
006058
006059
006062
006063
006064
006065
006066
006067
006070
006071
006072
006073
006079
006080
006082
006084
006086
006088
006089
006090
006093
006094
006095
006097
006101
006102
006103
006104
006105
006109
006110
006113
006114
006116
006117
006119
006120
006123
006124
006125
006126
006129
006130
006131
006134
006137
006139
006140
006141
006142
006143
006144
006147
006148
006149
006151
006153
006155
006156
006158
006159
006160
006162
006164
006165
006166
006169
006170
006172
006173
006175
006176
006178
006179
006180
006182
006184
006185
006186
006187
006188
006189
006192
006193
006194
006195
006198
006199
006200
006201
006202
006203
006205
006206
006207
006210
006211
006212
006215
006217
006218
006219
006220
006221
006222
006225
006226
006227
006228
006230
006233
006234
006237
006238
006240
006241
006244
006245
006246
006247
006248
006250
006251
006254
006260
006261
006262
006263
006264
006266
006273
006274
006275
006276
006278
006279
006284
006287
006288
006289
006291
006295
006297
006301
006302
006304
006305
006306
006307
006308
006311
006313
006317
006318
006319
006320
006321
006322
006323
006324
006325
006326
006327
006328
006329
006330
006333
006335
006336
006337
006339
006341
006342
006343
006344
006345
006347
006350
006353
006354
006355
006358
006359
006360
006361
006362
006366
006368
006369
006373
006374
006375
006377
006379
006381
006382
006383
006384
006385
006386
006387
006388
006389
006391
006392
006394
006397
006398
006400
006401
006405
006406
006409
006410
006411
006412
006415
006418
006420
006422
006423
006426
006427
006428
006429
006430
006433
006436
006437
006439
006440
006441
006443
006444
006445
006450
006451
006453
006454
006455
006456
006458
006459
006461
006462
006463
006464
006465
006466
006467
006468
006469
006470
006471
006472
006473
006476
006477
006478
006479
006481
006483
006484
006486
006487
006489
006491
006492
006493
006496
006498
006502
006503
006504
006505
006511
006512
006513
006514
006517
006518
006521
006522
006523
006524
006525
006531
006532
006533
006534
006535
006538
006540
006541
006542
006543
006544
006546
006547
006548
006549
006550
006551
006552
006553
006554
006555
006556
006558
006562
006564
006565
006566
006567
006568
006569
006570
006571
006573
006574
006575
006576
006577
006578
006579
006580
006581
006582
006583
006584
006587
006588
006589
006590
006592
006595
006596
006598
006600
006603
006604
006605
006606
006608
006609
006610
006612
006613
006617
006618
006620
006623
006625
006629
006634
006635
006636
006637
006639
006640
006641
006642
006643
006645
006647
006648
006649
006650
006652
006653
006654
006655
006656
006657
006658
006660
006661
006663
006665
006667
006668
006670
006671
006672
006676
006678
006679
006681
006682
006683
006684
006685
006686
006687
006688
006689
006691
006692
006695
006696
006698
006700
006701
006704
006705
006707
006710
006713
006714
006716
006717
006719
006720
006721
006722
006723
006726
006727
006728
006729
006731
006732
006737
006740
006741
006744
006745
006748
006749
006750
006751
006753
006754
006755
006756
006757
006759
006760
006761
006763
006764
006765
006767
006769
006775
006777
006778
006779
006780
006783
006784
006785
006786
006787
006789
006794
006797
006798
006801
006802
006803
006804
006805
006806
006807
006809
006811
006815
006817
006820
006821
006824
006825
006826
006827
006829
006830
006832
006833
006834
006836
006837
006839
006840
006841
006842
006843
006844
006846
006847
006849
006851
006853
006854
006856
006858
006859
006861
006862
006865
006866
006868
006869
006871
006872
006873
006874
006875
006876
006878
006880
006883
006884
006885
006888
006889
006890
006891
006893
006895
006898
006899
006900
006903
006904
006905
006907
006908
006909
006912
006914
006915
006916
006920
006921
006924
006929
006934
006935
006936
006942
006943
006945
006946
006947
006948
006949
006950
006951
006952
006953
006955
006956
006959
006960
006961
006962
006964
006965
006966
006967
006968
006969
006971
006972
006973
006975
006977
006978
006982
006984
006985
006987
006988
006989
006991
006992
006993
006995
006996
006997
007002
007004
007006
007008
007010
007013
007014
007015
007016
007018
007021
007023
007024
007027
007030
007032
007033
007034
007035
007036
007038
007039
007040
007041
007042
007044
007045
007046
007047
007049
007050
007051
007052
007053
007055
007057
007061
007062
007063
007064
007065
007066
007067
007068
007069
007073
007075
007076
007078
007079
007083
007084
007085
007086
007087
007089
007090
007091
007092
007093
007095
007097
007100
007101
007103
007105
007108
007109
007112
007114
007115
007116
007117
007120
007123
007124
007125
007127
007130
007132
007133
007134
007135
007136
007137
007140
007141
007142
007143
007144
007145
007147
007151
007153
007154
007155
007156
007158
007162
007163
007164
007165
007166
007167
007168
007169
007170
007172
007178
007180
007181
007182
007183
007184
007186
007188
007189
007190
007192
007195
007196
007197
007198
007201
007204
007206
007207
007212
007213
007214
007215
007218
007220
007221
007223
007224
007225
007228
007230
007232
007234
007236
007237
007238
007239
007240
007242
007243
007247
007249
007250
007251
007252
007253
007256
007257
007258
007260
007261
007262
007264
007266
007267
007269
007270
007271
007276
007277
007278
007281
007283
007284
007285
007286
007289
007290
007291
007292
007293
007295
007297
007298
007299
007300
007302
007304
007306
007307
007308
007317
007318
007320
007321
007329
007331
007332
007334
007335
007336
007337
007339
007340
007341
007342
007348
007349
007350
007352
007354
007358
007359
007360
007361
007362
007364
007365
007367
007368
007370
007371
007375
007376
007380
007382
007383
007385
007386
007387
007389
007390
007393
007394
007395
007396
007397
007400
007402
007403
007405
007407
007408
007410
007411
007412
007413
007414
007417
007419
007421
007423
007427
007428
007429
007430
007432
007433
007435
007437
007440
007442
007444
007445
007446
007449
007450
007451
007452
007453
007454
007456
007458
007459
007463
007464
007466
007467
007468
007469
007470
007472
007473
007474
007476
007478
007479
007480
007481
007482
007483
007484
007486
007487
007488
007492
007493
007494
007495
007497
007498
007500
007501
007502
007505
007506
007507
007511
007515
007517
007521
007522
007523
007527
007528
007530
007532
007534
007535
007536
007538
007539
007540
007541
007544
007546
007548
007549
007551
007554
007556
007560
007562
007563
007565
007566
007567
007568
007569
007571
007573
007574
007575
007576
007577
007578
007579
007581
007582
007584
007586
007588
007589
007591
007594
007597
007598
007604
007606
007607
007610
007611
007612
007613
007614
007615
007616
007617
007618
007621
007622
007623
007624
007625
007626
007627
007628
007631
007633
007634
007635
007636
007637
007638
007640
007641
007642
007643
007645
007646
007647
007649
007650
007651
007652
007653
007657
007658
007659
007660
007661
007666
007667
007668
007669
007671
007674
007675
007676
007677
007678
007679
007680
007682
007683
007686
007687
007688
007689
007690
007692
007693
007694
007699
007701
007702
007704
007705
007706
007708
007710
007711
007712
007713
007717
007718
007719
007721
007722
007724
007726
007727
007728
007729
007730
007731
007732
007735
007737
007740
007742
007743
007745
007748
007753
007754
007755
007759
007760
007762
007763
007765
007767
007770
007772
007774
007775
007777
007778
007779
007783
007784
007786
007788
007793
007794
007800
007801
007803
007807
007809
007810
007812
007813
007814
007815
007817
007818
007819
007820
007821
007822
007824
007828
007829
007830
007837
007838
007839
007840
007841
007842
007843
007844
007845
007847
007848
007851
007852
007853
007854
007855
007856
007857
007858
007861
007862
007865
007867
007868
007869
007870
007874
007876
007877
007880
007881
007882
007883
007885
007888
007892
007893
007894
007896
007897
007901
007903
007906
007907
007909
007910
007911
007913
007914
007916
007917
007918
007919
007920
007921
007923
007925
007926
007928
007929
007931
007933
007934
007936
007938
007941
007943
007944
007945
007947
007948
007949
007951
007954
007955
007956
007958
007960
007961
007964
007966
007967
007968
007969
007970
007972
007973
007974
007975
007977
007978
007980
007982
007983
007984
007986
007987
007988
007990
007992
007993
007994
007995
007997
007999
008000
008004
008005
008010
008011
008012
008013
008014
008016
008017
008018
008020
008022
008024
008026
008027
008030
008031
008032
008036
008037
008039
008040
008041
008043
008044
008045
008046
008048
008049
008050
008053
008054
008057
008058
008060
008061
008062
008066
008067
008068
008069
008071
008073
008075
008076
008077
008078
008083
008085
008087
008089
008090
008092
008094
008095
008096
008097
008098
008101
008102
008104
008106
008108
008112
008113
008114
008117
008118
008120
008121
008122
008123
008125
008126
008127
008128
008129
008130
008131
008132
008133
008135
008136
008138
008139
008140
008141
008142
008145
008146
008147
008148
008149
008153
008155
008156
008157
008158
008162
008169
008170
008173
008174
008175
008176
008177
008178
008179
008187
008188
008189
008191
008193
008194
008196
008197
008198
008200
008202
008204
008205
008206
008208
008209
008210
008211
008212
008213
008216
008219
008220
008223
008224
008227
008228
008229
008232
008233
008234
008235
008237
008239
008240
008242
008245
008246
008247
008249
008251
008252
008253
008254
008255
008256
008258
008259
008261
008263
008264
008267
008269
008272
008274
008278
008279
008280
008281
008282
008283
008286
008289
008290
008295
008296
008297
008299
008301
008304
008307
008309
008311
008313
008314
008320
008321
008322
008323
008324
008325
008329
008330
008331
008332
008334
008335
008336
008337
008339
008340
008342
008343
008345
008347
008351
008352
008353
008355
008358
008359
008361
008367
008368
008369
008371
008373
008376
008380
008382
008384
008386
008387
008388
008389
008391
008393
008394
008395
008396
008397
008398
008401
008404
008405
008409
008410
008411
008412
008415
008416
008418
008419
008420
008422
008423
008425
008427
008428
008430
008431
008433
008435
008437
008439
008441
008442
008443
008444
008445
008449
008450
008452
008453
008454
008456
008458
008459
008461
008462
008463
008465
008468
008471
008472
008473
008474
008476
008477
008478
008479
008480
008481
008482
008483
008484
008485
008488
008489
008490
008491
008492
008495
008496
008497
008501
008503
008507
008508
008509
008512
008515
008518
008519
008523
008524
008525
008526
008530
008531
008532
008534
008536
008538
008539
008540
008541
008542
008543
008544
008545
008550
008555
008564
008566
008567
008568
008569
008571
008576
008578
008579
008581
008584
008587
008588
008589
008590
008591
008594
008595
008597
008599
008601
008604
008605
008606
008607
008608
008610
008612
008614
008615
008617
008618
008619
008622
008623
008625
008626
008627
008628
008629
008631
008634
008642
008646
008647
008648
008650
008652
008656
008658
008659
008660
008662
008663
008666
008669
008670
008672
008674
008676
008679
008680
008682
008683
008685
008688
008690
008691
008695
008697
008702
008704
008705
008706
008707
008708
008712
008715
008717
008718
008719
008721
008722
008725
008730
008732
008733
008737
008740
008742
008743
008744
008745
008746
008747
008748
008752
008753
008754
008755
008757
008758
008759
008760
008761
008763
008764
008765
008766
008768
008770
008773
008774
008776
008777
008780
008781
008782
008783
008784
008786
008787
008788
008789
008792
008794
008797
008798
008800
008802
008804
008806
008807
008810
008811
008812
008814
008817
008818
008820
008821
008823
008825
008826
008827
008829
008830
008833
008834
008835
008837
008841
008842
008843
008845
008846
008847
008848
008849
008851
008852
008853
008855
008857
008859
008860
008863
008867
008868
008869
008870
008872
008879
008882
008883
008884
008885
008886
008890
008891
008895
008897
008898
008902
008903
008905
008906
008907
008908
008910
008914
008915
008917
008918
008919
008920
008923
008925
008926
008927
008929
008930
008933
008934
008935
008937
008938
008939
008940
008941
008943
008945
008947
008950
008954
008955
008956
008957
008958
008961
008965
008968
008971
008972
008973
008974
008975
008976
008979
008980
008981
008983
008984
008986
008987
008988
008989
008991
008992
008993
008994
008995
008998
008999
009000
009001
009002
009003
009004
009005
009009
009010
009013
009016
009019
009020
009023
009024
009028
009029
009031
009032
009033
009034
009035
009038
009040
009043
009044
009046
009048
009049
009052
009053
009054
009056
009057
009058
009061
009062
009063
009064
009066
009068
009069
009070
009071
009072
009075
009078
009082
009083
009087
009090
009091
009093
009096
009097
009098
009099
009100
009102
009109
009110
009111
009113
009115
009116
009117
009118
009120
009123
009124
009125
009127
009129
009130
009131
009133
009134
009135
009136
009137
009138
009139
009140
009142
009143
009146
009147
009149
009151
009152
009153
009154
009155
009156
009157
009158
009159
009162
009163
009164
009166
009169
009170
009172
009174
009178
009181
009183
009184
009188
009189
009190
009191
009194
009199
009200
009203
009204
009205
009207
009208
009209
009210
009211
009213
009215
009217
009219
009221
009222
009224
009226
009233
009235
009242
009244
009247
009249
009250
009251
009252
009254
009255
009258
009259
009260
009262
009263
009265
009266
009267
009268
009269
009271
009274
009277
009278
009280
009282
009283
009284
009285
009286
009287
009289
009290
009291
009292
009293
009294
009300
009303
009305
009310
009312
009313
009315
009316
009320
009321
009326
009327
009328
009329
009331
009332
009333
009336
009337
009338
009339
009340
009342
009343
009344
009345
009346
009348
009349
009352
009354
009356
009357
009359
009360
009362
009366
009367
009369
009370
009372
009373
009376
009378
009380
009381
009383
009384
009385
009386
009387
009389
009390
009391
009392
009396
009397
009400
009401
009403
009404
009405
009406
009408
009411
009412
009413
009414
009415
009418
009419
009420
009422
009423
009424
009425
009427
009429
009430
009431
009433
009434
009435
009436
009437
009438
009439
009440
009441
009442
009447
009448
009449
009450
009452
009453
009454
009455
009456
009458
009459
009460
009461
009465
009467
009469
009471
009472
009473
009477
009478
009479
009480
009483
009484
009485
009486
009488
009491
009492
009493
009495
009497
009498
009500
009506
009507
009508
009511
009513
009514
009516
009518
009519
009525
009529
009530
009533
009534
009536
009540
009541
009542
009546
009547
009549
009550
009551
009552
009554
009555
009556
009557
009559
009560
009561
009563
009567
009568
009569
009570
009571
009572
009578
009579
009580
009582
009585
009586
009587
009588
009590
009591
009593
009595
009597
009598
009599
009600
009601
009603
009604
009605
009607
009609
009613
009614
009615
009617
009618
009621
009623
009624
009625
009626
009627
009630
009633
009636
009637
009640
009641
009643
009644
009645
009646
009647
009648
009649
009650
009654
009655
009657
009658
009662
009663
009665
009666
009667
009668
009670
009671
009674
009675
009677
009678
009679
009680
009681
009682
009683
009684
009686
009687
009689
009690
009691
009692
009694
009695
009696
009698
009699
009701
009702
009703
009704
009707
009708
009709
009710
009711
009715
009718
009719
009722
009723
009725
009726
009727
009728
009729
009730
009732
009733
009734
009736
009737
009738
009743
009745
009747
009749
009750
009752
009753
009756
009757
009758
009760
009761
009762
009773
009775
009776
009778
009779
009781
009782
009783
009786
009789
009791
009792
009793
009794
009795
009798
009799
009800
009805
009807
009808
009812
009814
009817
009819
009820
009821
009822
009823
009824
009827
009829
009830
009831
009833
009834
009835
009836
009839
009841
009842
009844
009845
009846
009848
009849
009850
009851
009853
009856
009858
009860
009861
009862
009866
009867
009868
009870
009871
009872
009874
009875
009876
009878
009879
009881
009882
009884
009886
009887
009888
009889
009890
009891
009892
009893
009894
009895
009896
009897
009901
009902
009905
009907
009908
009909
009910
009912
009913
009914
009915
009916
009918
009920
009921
009923
009924
009925
009927
009928
009929
009933
009934
009935
009937
009938
009940
009941
009942
009943
009947
009950
009951
009955
009956
009961
009963
009966
009969
009970
009973
009975
009976
009977
009978
009980
009982
009983
009985
009986
009990
009992
009996
010000
010002
010004
010005
010012
010013
010015
010016
010017
010020
010022
010023
010025
010028
010029
010031
010032
010034
010035
010037
010039
010043
010044
010045
010046
010047
010049
010051
010052
010056
010057
010058
010062
010063
010064
010065
010068
010070
010072
010073
010075
010076
010077
010078
010081
010084
010085
010086
010087
010088
010089
010090
010091
010093
010099
010101
010103
010104
010108
010109
010111
010112
010113
010115
010117
010118
010125
010126
010127
010129
010130
010131
010133
010134
010135
010136
010138
010140
010142
010144
010146
010147
010148
010149
010153
010155
010157
010159
010161
010165
010166
010168
010172
010173
010175
010176
010178
010179
010180
010181
010182
010183
010185
010186
010188
010191
010192
010193
010195
010199
010200
010201
010204
010205
010206
010207
010208
010209
010210
010211
010213
010216
010217
010218
010219
010222
010223
010224
010225
010226
010227
010229
010230
010231
010233
010234
010235
010236
010237
010240
010244
010245
010248
010250
010253
010254
010256
010257
010258
010260
010263
010267
010268
010274
010275
010276
010278
010280
010281
010282
010283
010287
010288
010289
010290
010291
010292
010293
010294
010297
010298
010300
010301
010302
010303
010305
010306
010307
010308
010312
010313
010315
010317
010319
010320
010323
010325
010326
010327
010329
010333
010335
010336
010341
010342
010343
010344
010345
010347
010350
010351
010355
010357
010358
010359
010360
010361
010362
010364
010365
010367
010368
010370
010372
010373
010377
010379
010381
010382
010383
010387
010388
010389
010390
010394
010395
010396
010397
010399
010400
010401
010404
010405
010406
010407
010408
010410
010411
010412
010414
010415
010417
010419
010420
010421
010422
010423
010424
010425
010429
010431
010432
010434
010435
010438
010439
010440
010441
010442
010443
010446
010448
010450
010452
010455
010456
010457
010460
010465
010468
010470
010474
010476
010478
010479
010482
010486
010488
010489
010490
010491
010493
010495
010496
010497
010500
010501
010502
010503
010504
010505
010506
010507
010509
010511
010512
010513
010514
010515
010516
010519
010522
010523
010524
010525
010526
010527
010528
010529
010530
010531
010532
010534
010535
010536
010537
010538
010539
010540
010542
010544
010545
010546
010547
010550
010558
010559
010563
010564
010565
010566
010567
010569
010570
010571
010572
010573
010574
010580
010581
010582
010583
010584
010587
010589
010591
010592
010593
010594
010599
010600
010606
010607
010608
010609
010610
010611
010612
010614
010615
010616
010619
010621
010623
010624
010625
010627
010628
010629
010632
010635
010636
010637
010639
010640
010642
010643
010645
010647
010649
010650
010652
010653
010654
010655
010658
010660
010663
010664
010665
010666
010669
010670
010671
010672
010675
010676
010677
010678
010679
010680
010682
010683
010686
010688
010689
010690
010692
010695
010697
010698
010699
010701
010703
010704
010705
010706
010707
010709
010712
010713
010714
010715
010716
010717
010720
010721
010722
010726
010728
010729
010731
010734
010735
010736
010739
010740
010743
010746
010747
010751
010752
010753
010754
010756
010757
010759
010761
010762
010764
010765
010766
010767
010768
010769
010771
010772
010773
010775
010777
010779
010780
010782
010784
010786
010787
010788
010790
010792
010795
010797
010798
010800
010802
010804
010805
010806
010807
010809
010810
010812
010814
010816
010817
010821
010824
010825
010826
010827
010828
010829
010831
010833
010834
010835
010836
010837
010840
010842
010843
010844
010845
010847
010849
010851
010852
010853
010855
010857
010859
010861
010864
010865
010866
010867
010870
010871
010872
010874
010875
010876
010877
010879
010880
010881
010883
010887
010889
010891
010892
010895
010896
010899
010900
010901
010903
010904
010905
010907
010913
010914
010918
010919
010923
010924
010925
010926
010927
010928
010929
010930
010931
010933
010936
010937
010940
010944
010946
010947
010948
010950
010953
010954
010955
010958
010960
010964
010966
010967
010968
010969
010970
010972
010973
010974
010975
010977
010980
010981
010982
010985
010986
010989
010991
010993
010995
010996
010997
010998
010999
011001
011003
011006
011008
011012
011014
011017
011018
011019
011021
011022
011031
011032
011033
011037
011038
011041
011042
011044
011046
011047
011055
011056
011057
011058
011059
011060
011061
011063
011065
011066
011067
011072
011074
011076
011079
011080
011082
011083
011084
011085
011086
011089
011090
011093
011094
011097
011098
011101
011102
011103
011104
011106
011108
011109
011111
011112
011113
011114
011116
011119
011124
011126
011128
011129
011138
011139
011140
011141
011142
011143
011144
011146
011147
011148
011151
011152
011153
011154
011155
011156
011158
011159
011160
011162
011163
011165
011166
011167
011170
011172
011173
011175
011176
011178
011179
011180
011181
011184
011185
011186
011191
011192
011194
011195
011199
011200
011203
011204
011205
011206
011208
011209
011210
011213
011214
011215
011216
011219
011220
011221
011222
011223
011224
011225
011226
011227
011228
011229
011230
011232
011233
011240
011241
011242
011243
011244
011245
011249
011253
011255
011256
011257
011259
011261
011262
011263
011264
011265
011266
011267
011268
011270
011273
011274
011276
011277
011278
011279
011280
011281
011283
011285
011286
011287
011289
011294
011295
011296
011297
011298
011299
011301
011304
011305
011307
011308
011309
011310
011313
011314
011316
011317
011319
011320
011321
011322
011325
011326
011327
011329
011330
011331
011332
011333
011335
011336
011339
011340
011341
011346
011350
011351
011352
011354
011355
011356
011358
011359
011360
011361
011362
011366
011368
011369
011371
011374
011377
011378
011380
011382
011384
011385
011389
011392
011395
011396
011397
011398
011399
011400
011402
011404
011406
011407
011409
011410
011411
011412
011413
011414
011415
011417
011418
011423
011426
011428
011429
011430
011431
011433
011434
011436
011437
011438
011439
011440
011441
011442
011443
011444
011445
011448
011449
011452
011453
011454
011455
011456
011457
011460
011461
011462
011463
011467
011468
011470
011471
011472
011476
011477
011478
011480
011481
011483
011484
011485
011488
011490
011491
011492
011493
011494
011495
011497
011499
011500
011501
011505
011506
011508
011509
011510
011512
011513
011514
011516
011522
011523
011525
011527
011528
011531
011532
011533
011538
011540
011541
011542
011543
011544
011546
011547
011548
011551
011552
011555
011556
011557
011558
011559
011560
011561
011562
011563
011564
011565
011567
011568
011571
011572
011574
011575
011576
011577
011579
011580
011583
011587
011592
011593
011595
011596
011597
011600
011601
011602
011603
011604
011605
011607
011610
011611
011613
011615
011616
011618
011621
011622
011623
011624
011625
011630
011633
011635
011636
011637
011638
011640
011641
011642
011643
011644
011645
011646
011647
011648
011650
011652
011655
011656
011658
011662
011663
011665
011668
011671
011673
011674
011677
011678
011680
011683
011684
011685
011686
011688
011689
011690
011691
011692
011695
011696
011697
011698
011701
011702
011703
011704
011705
011707
011708
011709
011711
011712
011715
011716
011717
011718
011719
011720
011721
011723
011724
011726
011729
011730
011731
011732
011733
011734
011735
011736
011737
011738
011739
011741
011742
011743
011744
011745
011746
011747
011748
011751
011753
011754
011757
011758
011759
011761
011764
011765
011767
011768
011769
011770
011771
011774
011775
011776
011777
011778
011783
011784
011785
011786
011789
011792
011793
011795
011796
011798
011799
011800
011804
011806
011808
011809
011810
011811
011813
011816
011817
011818
011819
011821
011824
011825
011826
011827
011829
011833
011834
011835
011836
011841
011842
011843
011844
011845
011846
011850
011851
011855
011857
011858
011865
011867
011868
011871
011872
011877
011879
011880
011884
011885
011887
011888
011889
011891
011893
011895
011896
011897
011901
011902
011903
011907
011908
011909
011910
011911
011912
011913
011915
011919
011920
011921
011923
011924
011926
011927
011932
011936
011938
011939
011941
011942
011945
011946
011947
011948
011949
011950
011952
011953
011955
011956
011957
011960
011961
011962
011963
011964
011965
011968
011969
011970
011973
011974
011976
011978
011979
011980
011981
011984
011985
011986
011987
011988
011989
011993
011994
011995
011997
011999
012001
012002
012003
012005
012006
012008
012011
012015
012016
012017
012018
012019
012023
012027
012028
012031
012035
012036
012038
012041
012043
012046
012048
012050
012052
012054
012056
012057
012059
012060
012062
012064
012065
012066
012068
012071
012073
012077
012079
012081
012083
012085
012087
012090
012094
012099
012100
012101
012103
012104
012105
012106
012107
012108
012109
012110
012112
012113
012114
012115
012117
012120
012121
012122
012123
012125
012130
012131
012132
012133
012134
012135
012138
012139
012140
012141
012142
012143
012146
012147
012150
012151
012153
012155
012158
012159
012160
012162
012164
012165
012168
012169
012171
012172
012174
012178
012179
012182
012183
012185
012187
012188
012189
012190
012194
012195
012198
012199
012201
012204
012205
012210
012211
012212
012213
012214
012217
012219
012221
012222
012224
012229
012230
012233
012234
012235
012236
012237
012239
012242
012244
012246
012247
012249
012251
012252
012255
012256
012258
012260
012261
012262
012264
012265
012267
012270
012272
012274
012275
012281
012282
012284
012286
012287
012289
012292
012293
012294
012298
012300
012302
012303
012306
012307
012310
012313
012314
012315
012317
012318
012324
012326
012331
012332
012333
012334
012337
012338
012340
012341
012342
012343
012345
012347
012349
012350
012351
012353
012354
012355
012356
012357
012360
012365
012366
012367
012368
012369
012370
012371
012376
012377
012378
012380
012382
012383
012385
012386
012387
012388
012391
012392
012393
012394
012395
012397
012398
012399
012401
012403
012405
012406
012409
012410
012412
012415
012417
012418
012419
012420
012421
012422
012423
012425
012428
012429
012430
012432
012434
012435
012437
012438
012440
012443
012444
012446
012447
012449
012451
012452
012453
012454
012455
012456
012457
012459
012460
012461
012464
012465
012466
012467
012472
012473
012474
012477
012480
012481
012482
012483
012484
012486
012487
012490
012491
012492
012495
012497
012498
012500
012502
012505
012506
012507
012508
012509
012512
012516
012518
012519
012520
012522
012523
012524
012525
012526
012530
012531
012539
012540
012541
012543
012544
012545
012547
012550
012551
012556
012557
012558
012559
012560
012562
012563
012564
012566
012568
012569
012571
012572
012574
012575
012578
012579
012581
012582
012583
012586
012587
012589
012593
012594
012598
012600
012601
012602
012604
012605
012608
012610
012611
012613
012614
012616
012617
012620
012621
012626
012627
012629
012631
012632
012633
012634
012635
012636
012637
012640
012643
012644
012645
012646
012647
012649
012650
012651
012652
012654
012655
012656
012657
012659
012660
012662
012663
012666
012667
012670
012671
012672
012673
012674
012676
012677
012678
012679
012681
012682
012683
012684
012688
012689
012690
012693
012695
012696
012697
012699
012700
012702
012703
012704
012706
012707
012708
012709
012710
012712
012714
012715
012716
012717
012718
012722
012724
012725
012726
012727
012729
012730
012732
012733
012736
012737
012739
012740
012741
012743
012744
012747
012749
012752
012755
012756
012760
012764
012767
012769
012770
012771
012773
012774
012776
012778
012779
012780
012781
012783
012784
012785
012786
012788
012791
012793
012794
012798
012802
012803
012804
012805
012806
012807
012808
012809
012811
012816
012818
012819
012820
012821
012822
012825
012826
012827
012829
012830
012831
012833
012834
012838
012839
012841
012842
012844
012847
012848
012850
012851
012852
012854
012857
012858
012859
012860
012864
012865
012866
012867
012870
012871
012873
012875
012876
012878
012879
012882
012885
012887
012888
012889
012891
012894
012895
012896
012898
012900
012901
012902
012903
012907
012909
012910
012911
012912
012914
012915
012919
012921
012922
012923
012926
012928
012931
012933
012934
012936
012937
012938
012939
012940
012944
012945
012946
012948
012949
012950
012951
012952
012954
012955
012956
012959
012960
012962
012963
012965
012967
012969
012970
012971
012973
012975
012976
012977
012978
012980
012984
012990
012991
012993
012994
012995
012998
012999
013001
013002
013003
013004
013005
013006
013007
013008
013009
013011
013012
013013
013014
013015
013016
013017
013020
013021
013023
013026
013029
013030
013033
013034
013037
013038
013039
013040
013041
013043
013044
013045
013047
013048
013049
013050
013052
013054
013056
013059
013060
013061
013062
013065
013066
013068
013069
013070
013073
013076
013078
013079
013081
013082
013083
013084
013085
013088
013089
013090
013091
013092
013093
013098
013101
013102
013103
013104
013106
013107
013108
013109
013110
013115
013116
013117
013118
013120
013121
013123
013124
013125
013126
013129
013130
013131
013134
013135
013138
013139
013141
013143
013145
013147
013148
013149
013152
013153
013154
013156
013158
013159
013160
013162
013167
013169
013170
013171
013173
013175
013176
013182
013183
013185
013186
013188
013190
013191
013192
013193
013194
013195
013196
013198
013200
013201
013202
013203
013205
013206
013207
013208
013209
013210
013211
013213
013214
013215
013216
013217
013218
013219
013221
013222
013223
013224
013225
013226
013229
013230
013232
013233
013236
013238
013239
013244
013246
013247
013248
013249
013252
013253
013254
013256
013257
013258
013259
013260
013262
013265
013267
013268
013269
013271
013273
013274
013275
013276
013279
013280
013281
013282
013283
013285
013287
013290
013293
013295
013296
013298
013299
013300
013301
013303
013305
013306
013308
013311
013312
013313
013314
013315
013317
013318
013322
013324
013326
013327
013329
013330
013332
013333
013335
013336
013338
013339
013342
013345
013346
013347
013348
013349
013350
013351
013352
013353
013357
013361
013362
013363
013364
013369
013371
013372
013374
013375
013376
013377
013378
013379
013380
013384
013389
013390
013395
013396
013397
013399
013400
013402
013404
013406
013413
013416
013417
013418
013422
013424
013425
013429
013430
013431
013432
013435
013436
013438
013439
013440
013441
013442
013444
013445
013446
013448
013453
013454
013455
013457
013459
013461
013463
013464
013468
013469
013470
013471
013472
013474
013477
013478
013479
013481
013482
013486
013490
013491
013492
013493
013494
013495
013496
013497
013498
013499
013500
013501
013503
013505
013509
013510
013511
013512
013514
013516
013517
013518
013519
013521
013522
013523
013525
013528
013529
013530
013533
013537
013538
013541
013543
013546
013547
013549
013555
013557
013559
013560
013561
013562
013563
013567
013569
013570
013573
013575
013576
013579
013580
013582
013583
013584
013585
013586
013587
013593
013594
013595
013597
013598
013601
013603
013605
013606
013608
013609
013611
013612
013614
013615
013616
013617
013618
013619
013621
013622
013623
013624
013625
013627
013628
013629
013631
013632
013634
013637
013638
013639
013641
013645
013650
013651
013652
013653
013654
013656
013657
013659
013661
013662
013663
013664
013666
013667
013669
013672
013674
013675
013677
013684
013687
013689
013690
013691
013693
013694
013695
013696
013697
013700
013702
013704
013706
013709
013710
013711
013715
013717
013718
013719
013722
013724
013725
013726
013727
013728
013729
013730
013731
013732
013734
013735
013736
013742
013743
013744
013746
013748
013749
013750
013751
013752
013754
013755
013756
013757
013759
013760
013761
013762
013763
013766
013768
013771
013772
013774
013776
013780
013781
013782
013784
013786
013788
013789
013791
013794
013795
013796
013797
013798
013800
013801
013802
013805
013806
013810
013811
013814
013817
013818
013819
013824
013825
013826
013829
013831
013832
013834
013836
013839
013841
013846
013847
013848
013849
013851
013852
013853
013854
013855
013856
013857
013862
013863
013865
013867
013870
013871
013872
013873
013875
013876
013877
013879
013881
013884
013885
013886
013887
013889
013890
013891
013892
013893
013894
013895
013896
013898
013899
013900
013901
013902
013904
013905
013907
013908
013910
013912
013913
013914
013916
013917
013921
013922
013923
013924
013925
013926
013928
013930
013939
013940
013942
013943
013945
013946
013947
013949
013951
013953
013956
013957
013959
013960
013962
013963
013964
013968
013969
013972
013973
013974
013976
013977
013978
013980
013982
013983
013986
013991
013995
013997
013998
014000
014001
014002
014003
014004
014005
014006
014007
014008
014012
014013
014015
014016
014018
014021
014022
014023
014024
014025
014026
014027
014028
014029
014030
014031
014033
014034
014035
014036
014037
014038
014040
014041
014042
014043
014045
014049
014051
014052
014054
014055
014057
014058
014059
014060
014062
014063
014064
014065
014066
014068
014069
014070
014071
014072
014076
014077
014080
014081
014082
014084
014085
014088
014091
014092
014093
014095
014099
014101
014102
014103
014104
014105
014106
014107
014108
014110
014111
014112
014113
014115
014117
014119
014120
014121
014122
014123
014124
014126
014127
014134
014135
014137
014140
014142
014143
014145
014146
014148
014155
014157
014160
014161
014162
014163
014164
014167
014168
014169
014171
014172
014174
014176
014178
014179
014180
014181
014182
014187
014189
014191
014193
014194
014196
014198
014199
014200
014201
014202
014203
014204
014205
014206
014209
014211
014212
014213
014214
014215
014217
014218
014220
014221
014222
014223
014224
014226
014227
014228
014230
014231
014232
014234
014235
014236
014237
014238
014239
014241
014242
014245
014247
014248
014251
014252
014253
014255
014256
014259
014260
014262
014263
014265
014266
014267
014268
014271
014272
014273
014274
014275
014276
014278
014279
014280
014282
014283
014284
014285
014287
014290
014291
014292
014296
014297
014298
014299
014302
014303
014306
014307
014308
014310
014311
014312
014313
014314
014315
014324
014325
014326
014327
014328
014329
014330
014332
014333
014335
014336
014338
014339
014342
014343
014344
014345
014346
014347
014353
014354
014355
014357
014360
014363
014364
014365
014367
014369
014370
014371
014372
014373
014374
014375
014376
014377
014378
014379
014381
014382
014384
014386
014387
014389
014391
014393
014394
014395
014396
014397
014398
014399
014400
014402
014404
014405
014407
014409
014410
014411
014412
014413
014416
014419
014420
014421
014422
014429
014431
014432
014433
014434
014435
014436
014437
014439
014441
014445
014446
014450
014453
014454
014455
014457
014458
014459
014460
014461
014462
014465
014468
014470
014472
014473
014474
014475
014477
014478
014479
014481
014482
014484
014485
014487
014488
014489
014490
014492
014494
014496
014497
014498
014503
014506
014509
014510
014511
014514
014515
014518
014519
014520
014521
014522
014523
014524
014525
014528
014532
014539
014541
014543
014545
014546
014548
014551
014554
014558
014560
014561
014562
014563
014564
014566
014568
014569
014571
014572
014573
014574
014576
014577
014579
014580
014581
014585
014586
014587
014589
014591
014593
014594
014596
014597
014599
014600
014601
014602
014603
014605
014606
014607
014612
014613
014615
014616
014617
014618
014619
014620
014621
014622
014624
014625
014626
014628
014630
014634
014636
014637
014638
014642
014643
014649
014650
014651
014655
014656
014657
014658
014661
014663
014664
014665
014667
014670
014671
014672
014673
014674
014676
014679
014680
014690
014692
014696
014699
014700
014702
014711
014712
014713
014715
014716
014722
014724
014725
014728
014729
014732
014734
014735
014736
014737
014739
014740
014741
014742
014745
014746
014751
014753
014754
014755
014760
014761
014765
014767
014769
014773
014774
014776
014777
014779
014780
014782
014783
014786
014787
014789
014791
014792
014795
014796
014797
014798
014799
014801
014804
014806
014808
014809
014810
014812
014813
014814
014815
014816
014818
014819
014820
014821
014822
014824
014826
014827
014828
014834
014835
014836
014837
014838
014839
014845
014847
014848
014849
014851
014854
014855
014856
014859
014860
014861
014866
014867
014868
014869
014871
014875
014876
014878
014879
014880
014881
014882
014883
014884
014885
014886
014887
014890
014893
014895
014896
014898
014899
014900
014903
014905
014907
014908
014909
014910
014911
014912
014913
014915
014918
014919
014920
014921
014924
014925
014932
014933
014934
014936
014937
014938
014939
014941
014942
014943
014944
014945
014946
014947
014949
014950
014951
014954
014957
014958
014959
014960
014964
014968
014971
014972
014973
014974
014975
014976
014977
014978
014980
014983
014984
014985
014987
014989
014990
014991
014993
014995
014999
015000
015001
015002
015003
015004
015005
015006
015008
015009
015011
015012
015018
015019
015020
015021
015022
015025
015027
015029
015031
015034
015035
015036
015038
015040
015042
015043
015046
015048
015049
015050
015051
015053
015054
015056
015057
015059
015060
015061
015062
015063
015065
015067
015071
015074
015075
015076
015077
015079
015081
015082
015083
015084
015085
015086
015088
015089
015090
015091
015094
015096
015097
015098
015099
015100
015101
015103
015104
015105
015106
015110
015112
015113
015114
015115
015116
015117
015118
015120
015123
015124
015129
015133
015134
015135
015137
015138
015139
015140
015145
015146
015148
015150
015151
015153
015154
015157
015160
015161
015162
015163
015164
015166
015168
015169
015172
015173
015174
015178
015179
015180
015181
015182
015184
015185
015186
015187
015190
015191
015196
015198
015201
015202
015203
015206
015209
015210
015211
015212
015213
015216
015218
015219
015220
015221
015222
015223
015225
015226
015227
015228
015229
015230
015231
015232
015233
015235
015238
015239
015241
015242
015243
015244
015245
015246
015248
015260
015261
015262
015265
015266
015269
015271
015272
015273
015276
015277
015278
015280
015281
015283
015284
015285
015286
015287
015288
015290
015291
015292
015293
015294
015295
015297
015298
015299
015300
015301
015302
015303
015306
015307
015309
015311
015312
015313
015314
015315
015319
015320
015321
015323
015324
015327
015328
015329
015330
015331
015333
015338
015339
015340
015342
015344
015345
015348
015350
015352
015354
015355
015356
015357
015358
015360
015362
015363
015364
015365
015366
015369
015370
015374
015375
015376
015378
015380
015381
015382
015384
015385
015386
015387
015388
015392
015393
015395
015396
015398
015399
015400
015402
015404
015406
015407
015408
015411
015412
015417
015418
015420
015421
015423
015424
015426
015428
015429
015430
015432
015434
015436
015438
015439
015440
015441
015442
015444
015445
015447
015448
015451
015452
015454
015455
015456
015459
015461
015463
015465
015466
015468
015470
015471
015472
015476
015479
015480
015481
015482
015483
015484
015485
015486
015490
015491
015492
015493
015497
015501
015504
015505
015506
015507
015508
015511
015512
015513
015514
015515
015517
015518
015519
015521
015522
015523
015524
015525
015526
015533
015534
015536
015537
015541
015542
015544
015545
015547
015548
015550
015551
015552
015553
015554
015556
015558
015559
015560
015562
015568
015569
015570
015571
015572
015573
015574
015575
015576
015577
015578
015579
015580
015581
015582
015584
015586
015587
015588
015589
015590
015592
015596
015597
015598
015599
015600
015601
015602
015603
015604
015605
015606
015609
015610
015612
015614
015615
015617
015618
015619
015620
015621
015622
015623
015624
015625
015626
015628
015633
015634
015635
015637
015638
015639
015640
015642
015643
015646
015647
015648
015650
015651
015652
015656
015657
015659
015660
015661
015663
015664
015672
015675
015677
015679
015680
015681
015682
015683
015687
015689
015690
015691
015692
015694
015695
015697
015699
015700
015702
015706
015708
015709
015710
015711
015712
015713
015714
015716
015717
015719
015721
015723
015724
015725
015729
015732
015733
015734
015736
015738
015739
015740
015741
015742
015743
015744
015746
015748
015751
015755
015756
015758
015761
015762
015763
015767
015768
015769
015773
015774
015775
015776
015778
015781
015782
015784
015785
015786
015787
015789
015793
015798
015800
015801
015802
015803
015805
015806
015811
015812
015813
015816
015817
015819
015820
015821
015824
015825
015827
015829
015831
015833
015836
015838
015841
015843
015844
015845
015847
015851
015852
015854
015855
015856
015857
015858
015859
015861
015863
015864
015865
015866
015867
015868
015869
015870
015871
015873
015875
015876
015877
015878
015879
015881
015882
015883
015884
015885
015886
015887
015888
015889
015890
015892
015893
015894
015895
015896
015898
015900
015902
015904
015905
015907
015909
015910
015911
015913
015915
015916
015917
015919
015920
015925
015926
015929
015930
015931
015933
015935
015936
015938
015940
015946
015947
015949
015953
015955
015957
015958
015960
015962
015964
015966
015967
015969
015971
015974
015975
015976
015977
015979
015980
015981
015984
015985
015986
015987
015988
015989
015990
015993
015994
015995
015996
015997
015998
015999
016000
016001
016002
016004
016005
016006
016007
016010
016011
016012
016013
016014
016015
016018
016020
016022
016023
016025
016027
016031
016033
016036
016037
016043
016045
016046
016047
016048
016049
016050
016051
016053
016058
016059
016060
016061
016062
016063
016064
016065
016066
016067
016069
016070
016071
016075
016076
016077
016079
016080
016083
016085
016086
016089
016090
016092
016093
016094
016095
016097
016098
016100
016101
016105
016106
016108
016109
016113
016114
016115
016116
016117
016120
016121
016122
016124
016125
016132
016133
016134
016136
016137
016138
016139
016146
016147
016148
016150
016151
016152
016153
016154
016155
016156
016157
016160
016161
016162
016163
016164
016165
016167
016169
016171
016172
016173
016174
016178
016179
016183
016185
016186
016188
016189
016191
016194
016195
016196
016198
016200
016202
016203
016206
016209
016211
016213
016215
016217
016218
016219
016221
016223
016225
016226
016227
016229
016230
016231
016233
016235
016237
016238
016239
016242
016243
016245
016248
016249
016250
016251
016252
016254
016255
016259
016261
016262
016263
016268
016271
016273
016275
016277
016278
016279
016280
016282
016283
016285
016286
016287
016289
016290
016292
016294
016295
016298
016299
016300
016301
016303
016304
016305
016306
016307
016308
016311
016312
016313
016314
016315
016317
016320
016321
016323
016324
016326
016328
016330
016331
016332
016333
016334
016335
016336
016337
016338
016340
016341
016347
016349
016350
016351
016353
016356
016357
016358
016359
016360
016361
016362
016363
016364
016366
016367
016368
016369
016370
016372
016373
016376
016377
016378
016379
016380
016381
016386
016387
016390
016391
016392
016394
016396
016397
016400
016402
016405
016412
016413
016414
016415
016416
016417
016418
016419
016421
016422
016424
016425
016426
016427
016429
016433
016434
016435
016437
016441
016443
016444
016447
016448
016450
016452
016453
016454
016455
016456
016458
016459
016460
016463
016464
016465
016467
016469
016472
016473
016474
016475
016476
016477
016478
016481
016483
016487
016488
016491
016492
016493
016494
016498
016502
016503
016504
016505
016510
016511
016513
016514
016516
016518
016521
016522
016524
016525
016527
016528
016529
016530
016533
016534
016536
016537
016538
016539
016541
016542
016543
016544
016545
016550
016553
016554
016556
016558
016560
016562
016564
016566
016569
016571
016573
016575
016576
016577
016578
016579
016581
016582
016583
016584
016585
016586
016587
016588
016589
016591
016593
016594
016595
016596
016597
016599
016600
016601
016602
016604
016606
016607
016609
016612
016615
016616
016617
016619
016620
016621
016624
016625
016628
016630
016631
016632
016633
016634
016636
016637
016638
016642
016643
016644
016646
016647
016648
016649
016650
016651
016652
016655
016656
016660
016662
016665
016668
016671
016672
016673
016674
016675
016682
016685
016686
016687
016689
016690
016691
016693
016694
016695
016696
016697
016698
016700
016701
016702
016704
016705
016708
016711
016712
016713
016714
016715
016717
016719
016720
016721
016724
016726
016728
016730
016733
016735
016736
016737
016738
016740
016743
016744
016745
016746
016748
016749
016751
016753
016755
016756
016757
016758
016759
016760
016762
016764
016765
016769
016770
016771
016773
016776
016778
016779
016781
016783
016784
016785
016788
016789
016792
016793
016795
016797
016798
016800
016802
016807
016808
016809
016810
016811
016816
016817
016818
016820
016821
016822
016823
016824
016832
016834
016839
016840
016841
016842
016843
016844
016845
016846
016847
016848
016849
016851
016852
016853
016857
016858
016861
016862
016863
016864
016865
016866
016867
016868
016870
016871
016874
016876
016877
016878
016879
016880
016882
016884
016885
016887
016888
016889
016893
016895
016896
016897
016898
016900
016901
016902
016905
016907
016908
016909
016910
016911
016912
016916
016917
016918
016919
016920
016921
016922
016924
016925
016928
016929
016931
016935
016936
016937
016938
016939
016940
016941
016945
016946
016948
016950
016951
016952
016954
016955
016956
016957
016958
016959
016960
016962
016963
016964
016968
016973
016975
016976
016977
016978
016979
016981
016982
016983
016985
016986
016987
016989
016991
016992
016994
016995
016997
016998
016999
017000
017002
017003
017005
017008
017009
017010
017012
017014
017015
017016
017017
017018
017023
017024
017025
017026
017027
017029
017030
017036
017037
017038
017039
017040
017044
017047
017048
017050
017051
017052
017053
017055
017056
017058
017059
017060
017065
017067
017068
017069
017070
017073
017074
017076
017077
017078
017079
017081
017082
017083
017086
017087
017089
017090
017091
017092
017093
017094
017095
017097
017098
017099
017104
017105
017107
017108
017113
017115
017117
017118
017119
017120
017121
017123
017127
017129
017131
017132
017133
017135
017136
017138
017140
017141
017142
017144
017145
017146
017148
017149
017153
017154
017157
017162
017163
017164
017165
017168
017170
017171
017173
017174
017175
017177
017179
017181
017183
017184
017185
017186
017187
017188
017190
017191
017192
017197
017198
017199
017203
017204
017205
017207
017209
017210
017211
017212
017213
017214
017215
017216
017220
017221
017222
017225
017227
017228
017229
017235
017236
017240
017241
017242
017244
017245
017246
017247
017249
017251
017252
017253
017255
017258
017262
017265
017267
017269
017271
017273
017274
017275
017276
017280
017281
017282
017285
017286
017287
017289
017290
017295
017296
017297
017298
017299
017301
017302
017303
017304
017305
017307
017308
017309
017310
017311
017313
017314
017315
017316
017318
017320
017321
017323
017327
017328
017329
017331
017334
017335
017336
017341
017342
017343
017344
017345
017348
017349
017352
017353
017354
017355
017356
017358
017359
017361
017362
017364
017366
017368
017369
017370
017372
017373
017377
017379
017381
017382
017383
017386
017387
017388
017391
017393
017395
017396
017398
017400
017402
017407
017409
017410
017412
017414
017415
017416
017418
017419
017420
017424
017425
017426
017428
017430
017433
017434
017437
017440
017441
017442
017443
017445
017446
017449
017453
017454
017457
017458
017459
017461
017462
017464
017467
017469
017470
017471
017472
017473
017475
017478
017479
017480
017482
017487
017488
017497
017498
017500
017501
017502
017503
017505
017506
017507
017508
017509
017510
017514
017518
017519
017521
017522
017523
017524
017526
017527
017528
017529
017531
017532
017533
017534
017537
017538
017539
017540
017541
017542
017543
017545
017546
017547
017549
017550
017551
017552
017553
017554
017555
017558
017559
017560
017566
017568
017570
017571
017572
017573
017576
017577
017578
017579
017581
017583
017585
017587
017588
017589
017590
017591
017594
017596
017597
017601
017603
017605
017607
017608
017610
017613
017618
017619
017620
017622
017623
017625
017627
017630
017632
017633
017634
017635
017639
017641
017644
017645
017646
017648
017649
017652
017653
017654
017655
017656
017657
017658
017659
017660
017663
017664
017665
017668
017670
017671
017672
017674
017675
017676
017681
017682
017683
017684
017685
017687
017693
017694
017696
017697
017699
017703
017704
017705
017706
017707
017708
017709
017711
017712
017715
017719
017720
017721
017722
017724
017731
017732
017734
017736
017737
017738
017739
017743
017745
017749
017750
017752
017754
017755
017758
017759
017760
017763
017765
017767
017768
017770
017771
017773
017775
017776
017779
017780
017783
017786
017787
017788
017789
017791
017792
017793
017794
017796
017799
017800
017801
017802
017803
017807
017808
017812
017814
017815
017816
017818
017820
017823
017824
017826
017827
017828
017829
017830
017831
017832
017833
017834
017835
017836
017840
017841
017843
017844
017847
017848
017849
017851
017852
017854
017855
017856
017861
017862
017863
017864
017866
017867
017868
017869
017872
017873
017874
017876
017879
017880
017883
017884
017886
017888
017889
017890
017891
017893
017894
017896
017897
017898
017899
017900
017902
017903
017904
017907
017910
017911
017912
017915
017916
017918
017919
017921
017922
017923
017924
017925
017926
017927
017928
017929
017930
017931
017932
017934
017935
017937
017938
017939
017940
017941
017942
017944
017945
017946
017948
017950
017952
017953
017955
017956
017958
017960
017961
017962
017963
017966
017969
017971
017972
017973
017977
017980
017981
017982
017983
017984
017985
017990
017991
017992
017993
017994
017996
017997
018003
018005
018006
018008
018010
018011
018012
018013
018014
018015
018017
018018
018020
018021
018022
018024
018026
018027
018030
018031
018033
018034
018036
018037
018039
018040
018042
018043
018045
018046
018047
018048
018055
018056
018057
018058
018060
018061
018063
018064
018065
018066
018070
018071
018072
018074
018075
018076
018077
018079
018080
018082
018083
018085
018088
018091
018092
018093
018095
018096
018099
018100
018103
018106
018107
018110
018111
018112
018115
018116
018117
018118
018119
018120
018121
018122
018123
018124
018126
018127
018128
018129
018130
018132
018133
018135
018136
018137
018143
018144
018148
018150
018151
018152
018153
018155
018156
018158
018159
018160
018161
018162
018164
018166
018167
018168
018172
018174
018175
018176
018180
018181
018185
018187
018188
018189
018191
018192
018194
018196
018199
018201
018203
018204
018206
018207
018208
018210
018213
018214
018215
018216
018217
018218
018221
018222
018223
018224
018225
018226
018227
018228
018229
018231
018232
018233
018234
018235
018237
018238
018240
018241
018242
018249
018252
018253
018254
018256
018262
018263
018265
018267
018269
018270
018273
018274
018275
018276
018277
018278
018281
018282
018287
018291
018295
018296
018298
018300
018301
018304
018306
018308
018310
018312
018314
018315
018316
018320
018322
018323
018324
018327
018328
018330
018332
018334
018336
018337
018338
018340
018341
018342
018343
018348
018352
018354
018356
018357
018362
018364
018365
018366
018372
018373
018374
018376
018377
018380
018381
018382
018384
018385
018386
018388
018390
018391
018392
018393
018395
018396
018397
018399
018400
018403
018405
018410
018411
018412
018413
018414
018415
018417
018419
018420
018421
018423
018424
018429
018431
018432
018434
018435
018437
018438
018440
018441
018442
018443
018444
018445
018449
018450
018453
018454
018455
018456
018457
018460
018461
018462
018463
018464
018467
018470
018473
018474
018475
018476
018478
018479
018480
018481
018483
018484
018489
018490
018493
018495
018497
018499
018500
018501
018503
018504
018507
018509
018510
018512
018513
018514
018516
018518
018519
018520
018521
018525
018526
018527
018529
018530
018532
018535
018536
018537
018539
018540
018541
018542
018543
018547
018550
018552
018553
018554
018555
018561
018562
018563
018564
018565
018566
018568
018569
018570
018573
018574
018575
018579
018580
018582
018584
018585
018587
018588
018589
018591
018593
018594
018596
018598
018599
018600
018602
018604
018605
018606
018608
018609
018610
018611
018612
018613
018614
018615
018616
018619
018621
018622
018623
018625
018628
018629
018630
018632
018633
018634
018635
018636
018637
018638
018641
018645
018646
018647
018648
018649
018650
018651
018652
018654
018657
018658
018659
018660
018661
018664
018665
018666
018668
018670
018672
018674
018676
018677
018678
018680
018681
018683
018684
018685
018686
018687
018688
018689
018690
018691
018693
018694
018696
018697
018699
018701
018703
018704
018706
018707
018708
018709
018712
018713
018714
018715
018716
018719
018720
018721
018722
018723
018724
018725
018726
018727
018728
018730
018731
018734
018735
018737
018739
018741
018742
018743
018744
018746
018748
018750
018751
018753
018754
018759
018760
018761
018762
018766
018767
018768
018769
018776
018777
018779
018781
018782
018784
018786
018787
018788
018789
018791
018793
018794
018795
018796
018797
018798
018800
018801
018802
018803
018805
018806
018807
018809
018810
018811
018812
018813
018814
018815
018816
018817
018818
018819
018821
018822
018823
018826
018827
018828
018829
018831
018832
018834
018837
018839
018840
018841
018845
018851
018853
018857
018858
018859
018860
018861
018865
018866
018867
018869
018870
018872
018873
018874
018875
018876
018878
018879
018881
018882
018883
018885
018889
018890
018891
018894
018895
018896
018897
018898
018899
018903
018905
018906
018907
018909
018911
018912
018913
018914
018915
018916
018917
018918
018919
018924
018925
018926
018929
018932
018933
018934
018935
018937
018938
018940
018941
018942
018943
018944
018945
018946
018947
018950
018951
018953
018954
018955
018957
018959
018961
018964
018967
018968
018969
018972
018973
018978
018979
018980
018983
018984
018985
018988
018989
018990
018993
018994
018996
018997
018998
019000
019001
019004
019006
019009
019011
019012
019013
019015
019016
019017
019018
019020
019022
019023
019025
019026
019027
019028
019029
019030
019031
019036
019037
019038
019039
019040
019041
019042
019043
019045
019047
019050
019051
019052
019054
019056
019057
019064
019065
019068
019069
019070
019071
019072
019074
019075
019076
019080
019081
019082
019083
019084
019085
019086
019087
019089
019092
019093
019094
019095
019096
019098
019100
019101
019103
019104
019105
019106
019108
019111
019113
019116
019118
019119
019120
019122
019125
019127
019128
019129
019131
019132
019133
019134
019135
019137
019139
019141
019142
019144
019145
019147
019148
019149
019151
019152
019153
019154
019155
019157
019158
019159
019160
019161
019166
019167
019168
019169
019170
019172
019173
019174
019176
019177
019183
019185
019186
019187
019188
019189
019190
019194
019195
019196
019197
019198
019199
019201
019202
019203
019204
019207
019209
019211
019214
019215
019221
019222
019223
019224
019229
019231
019232
019233
019235
019237
019240
019243
019244
019245
019246
019247
019248
019249
019251
019252
019253
019255
019256
019257
019258
019261
019262
019264
019265
019267
019269
019270
019271
019273
019275
019276
019278
019282
019283
019284
019285
019286
019288
019290
019291
019293
019294
019295
019296
019297
019298
019299
019302
019304
019305
019306
019308
019309
019311
019312
019313
019314
019315
019316
019317
019319
019320
019321
019322
019323
019324
019325
019326
019328
019332
019333
019335
019336
019337
019339
019340
019341
019342
019344
019346
019347
019348
019350
019351
019355
019356
019357
019359
019360
019361
019362
019363
019365
019366
019368
019370
019371
019372
019373
019374
019375
019376
019378
019380
019381
019383
019385
019386
019387
019392
019393
019394
019396
019397
019398
019401
019402
019403
019404
019405
019407
019408
019409
019410
019411
019413
019415
019416
019418
019419
019422
019423
019426
019427
019429
019430
019431
019434
019436
019437
019439
019441
019442
019443
019444
019448
019449
019450
019451
019452
019454
019457
019458
019459
019461
019462
019464
019465
019468
019473
019474
019475
019478
019479
019480
019481
019485
019488
019489
019490
019492
019494
019496
019499
019501
019503
019504
019508
019509
019510
019512
019513
019515
019516
019518
019519
019520
019521
019523
019525
019526
019528
019530
019533
019535
019538
019539
019544
019545
019546
019547
019548
019550
019551
019553
019554
019556
019557
019558
019561
019563
019565
019566
019567
019568
019569
019571
019574
019575
019578
019582
019583
019584
019585
019586
019588
019590
019592
019594
019598
019599
019600
019602
019603
019604
019605
019606
019609
019610
019611
019612
019613
019614
019616
019617
019620
019621
019624
019625
019626
019627
019630
019631
019632
019635
019637
019639
019640
019641
019643
019644
019645
019646
019648
019650
019651
019652
019653
019656
019657
019659
019660
019662
019663
019671
019672
019673
019675
019676
019679
019682
019684
019686
019687
019691
019694
019696
019697
019698
019700
019702
019703
019704
019706
019708
019709
019711
019712
019713
019714
019716
019717
019718
019726
019727
019730
019731
019733
019734
019738
019739
019741
019743
019744
019748
019749
019750
019752
019754
019755
019756
019757
019759
019761
019762
019763
019764
019765
019766
019768
019770
019772
019775
019778
019779
019780
019782
019787
019789
019790
019791
019794
019796
019798
019800
019802
019804
019806
019807
019808
019810
019811
019813
019815
019816
019817
019818
019819
019820
019829
019830
019831
019832
019833
019835
019836
019837
019839
019840
019841
019842
019844
019845
019847
019849
019852
019855
019859
019860
019864
019865
019866
019867
019868
019870
019873
019874
019875
019879
019882
019883
019885
019886
019887
019890
019891
019894
019895
019896
019898
019899
019901
019905
019906
019908
019911
019912
019913
019915
019916
019917
019918
019919
019920
019922
019923
019926
019927
019928
019929
019930
019931
019932
019933
019934
019937
019939
019940
019941
019943
019944
019948
019949
019950
019951
019952
019953
019954
019958
019959
019961
019962
019963
019965
019967
019969
019970
019971
019973
019977
019979
019981
019983
019985
019986
019987
019988
019990
019991
019992
019993
019994
019996
019998
019999
020002
020003
020011
020012
020013
020016
020017
020021
020022
020023
020025
020026
020028
020029
020031
020036
020039
020041
020042
020043
020044
020047
020048
020051
020052
020053
020054
020055
020056
020057
020058
020059
020061
020062
020063
020065
020066
020067
020068
020070
020073
020074
020076
020077
020078
020079
020080
020084
020086
020087
020088
020089
020090
020092
020093
020094
020096
020097
020099
020101
020106
020107
020108
020109
020110
020111
020113
020114
020118
020120
020122
020124
020125
020127
020128
020131
020132
020133
020134
020136
020138
020139
020142
020143
020146
020147
020148
020150
020153
020154
020156
020157
020158
020160
020161
020163
020164
020165
020166
020167
020170
020171
020172
020174
020175
020176
020177
020179
020180
020181
020182
020183
020184
020185
020186
020188
020189
020190
020191
020192
020195
020198
020199
020200
020201
020203
020205
020206
020207
020208
020214
020215
020216
020217
020221
020222
020223
020224
020225
020227
020228
020229
020231
020233
020236
020239
020240
020241
020242
020245
020246
020249
020250
020251
020252
020255
020257
020259
020260
020262
020265
020266
020268
020271
020273
020274
020276
020277
020278
020279
020282
020285
020286
020287
020288
020289
020291
020294
020296
020299
020300
020301
020302
020303
020304
020307
020313
020314
020315
020316
020317
020318
020319
020321
020323
020324
020327
020328
020330
020331
020332
020338
020339
020340
020341
020342
020343
020344
020345
020347
020349
020351
020352
020355
020356
020357
020358
020360
020362
020366
020367
020368
020369
020370
020372
020373
020375
020378
020379
020380
020381
020383
020384
020386
020389
020391
020392
020393
020395
020396
020397
020399
020400
020403
020404
020405
020406
020410
020412
020413
020418
020420
020422
020423
020427
020428
020429
020430
020435
020437
020440
020441
020442
020445
020446
020447
020448
020449
020450
020451
020452
020454
020458
020459
020460
020461
020464
020465
020468
020469
020470
020471
020473
020476
020477
020479
020480
020481
020482
020486
020487
020488
020489
020490
020491
020492
020495
020496
020498
020500
020502
020504
020507
020508
020512
020513
020515
020518
020521
020523
020524
020525
020526
020527
020529
020530
020531
020532
020533
020534
020535
020537
020538
020540
020541
020542
020543
020544
020546
020548
020549
020551
020553
020555
020557
020558
020560
020561
020562
020563
020564
020565
020568
020569
020570
020571
020572
020575
020577
020579
020580
020583
020584
020586
020587
020589
020590
020592
020595
020596
020599
020601
020602
020603
020605
020606
020608
020612
020613
020614
020618
020619
020620
020622
020624
020626
020630
020631
020632
020634
020638
020640
020641
020643
020644
020645
020647
020648
020649
020650
020651
020652
020654
020657
020658
020659
020660
020661
020663
020665
020666
020674
020675
020676
020678
020681
020682
020683
020684
020685
020686
020687
020690
020692
020693
020694
020695
020696
020697
020699
020700
020704
020706
020709
020710
020715
020716
020717
020718
020722
020724
020726
020728
020729
020730
020733
020734
020736
020737
020740
020741
020742
020745
020746
020751
020752
020753
020754
020756
020757
020758
020760
020762
020765
020766
020767
020768
020770
020772
020773
020774
020775
020777
020779
020780
020781
020782
020785
020786
020787
020789
020790
020791
020792
020794
020796
020797
020800
020801
020804
020805
020806
020807
020808
020809
020810
020812
020814
020815
020816
020817
020818
020819
020821
020824
020825
020828
020829
020830
020831
020832
020833
020834
020838
020839
020840
020842
020844
020847
020848
020849
020850
020851
020852
020853
020855
020856
020857
020858
020859
020860
020862
020865
020866
020867
020868
020870
020874
020875
020876
020877
020879
020880
020883
020884
020887
020888
020890
020891
020894
020895
020899
020900
020901
020902
020903
020905
020906
020910
020913
020914
020915
020916
020918
020919
020921
020922
020926
020927
020929
020931
020934
020935
020939
020940
020941
020942
020943
020945
020946
020947
020948
020950
020952
020953
020954
020955
020956
020960
020961
020963
020967
020968
020970
020971
020972
020973
020977
020978
020979
020980
020981
020982
020985
020986
020988
020990
020991
020992
020994
020995
020996
020997
021000
021001
021006
021007
021009
021010
021011
021013
021014
021015
021017
021019
021020
021021
021022
021025
021027
021028
021031
021032
021034
021035
021036
021037
021039
021040
021041
021042
021043
021044
021045
021046
021047
021050
021051
021053
021054
021055
021056
021058
021060
021061
021062
021063
021064
021065
021066
021069
021070
021072
021075
021076
021077
021078
021081
021082
021083
021087
021088
021089
021090
021091
021092
021094
021095
021096
021098
021100
021101
021102
021103
021105
021106
021108
021109
021110
021111
021112
021113
021114
021115
021116
021117
021119
021122
021125
021126
021130
021131
021133
021135
021136
021137
021139
021140
021141
021142
021144
021145
021146
021147
021148
021149
021150
021153
021154
021155
021156
021166
021167
021168
021169
021170
021173
021175
021176
021178
021179
021181
021182
021183
021185
021187
021189
021193
021196
021198
021201
021202
021203
021204
021205
021208
021209
021213
021214
021215
021218
021221
021226
021227
021228
021229
021230
021232
021234
021235
021236
021238
021239
021241
021242
021243
021245
021248
021249
021250
021251
021253
021255
021256
021257
021260
021261
021263
021264
021266
021267
021268
021271
021272
021273
021274
021275
021276
021277
021279
021280
021281
021283
021284
021285
021289
021290
021292
021293
021297
021298
021299
021300
021301
021302
021305
021307
021308
021309
021310
021311
021312
021314
021316
021319
021323
021325
021326
021329
021330
021331
021335
021336
021337
021338
021339
021340
021342
021346
021348
021349
021350
021352
021353
021354
021355
021356
021357
021358
021359
021360
021361
021362
021364
021366
021367
021369
021370
021371
021372
021373
021374
021375
021376
021379
021383
021384
021385
021386
021387
021388
021389
021390
021391
021393
021395
021396
021397
021398
021399
021400
021401
021404
021406
021407
021408
021409
021410
021411
021413
021415
021417
021419
021422
021423
021424
021425
021426
021427
021428
021430
021431
021432
021437
021443
021444
021446
021447
021448
021449
021450
021451
021452
021453
021454
021455
021458
021460
021462
021464
021466
021470
021471
021472
021474
021476
021478
021479
021480
021481
021482
021483
021485
021486
021487
021488
021489
021492
021494
021495
021497
021498
021504
021505
021507
021508
021510
021511
021512
021514
021515
021516
021517
021518
021520
021521
021523
021525
021526
021527
021528
021529
021531
021532
021534
021536
021539
021540
021541
021544
021545
021547
021550
021551
021552
021553
021554
021555
021557
021558
021559
021561
021562
021563
021564
021567
021568
021570
021571
021575
021577
021578
021579
021580
021581
021582
021583
021585
021587
021589
021590
021591
021592
021594
021596
021597
021598
021600
021601
021602
021603
021604
021605
021606
021608
021609
021610
021611
021612
021615
021617
021618
021619
021621
021623
021628
021629
021631
021632
021634
021640
021642
021644
021646
021649
021651
021654
021655
021657
021658
021659
021660
021661
021663
021664
021666
021668
021669
021670
021674
021675
021679
021680
021681
021683
021684
021685
021687
021688
021691
021692
021693
021694
021697
021698
021700
021703
021704
021705
021706
021707
021710
021711
021714
021715
021717
021718
021721
021722
021723
021724
021725
021726
021728
021730
021731
021732
021733
021734
021735
021738
021739
021740
021742
021743
021744
021745
021747
021748
021749
021750
021751
021754
021755
021757
021762
021763
021767
021769
021770
021771
021773
021774
021775
021778
021781
021783
021785
021786
021788
021791
021792
021794
021796
021797
021799
021801
021802
021803
021804
021805
021806
021807
021809
021810
021812
021814
021816
021817
021818
021819
021821
021823
021825
021826
021829
021830
021831
021833
021841
021845
021846
021847
021849
021851
021853
021854
021858
021859
021860
021862
021864
021866
021867
021871
021872
021874
021876
021878
021879
021884
021886
021887
021888
021892
021893
021894
021896
021897
021899
021900
021902
021903
021904
021905
021908
021909
021910
021911
021912
021915
021916
021917
021918
021921
021922
021924
021925
021926
021927
021928
021929
021931
021932
021933
021934
021936
021937
021941
021942
021943
021944
021945
021946
021947
021949
021950
021951
021952
021953
021957
021960
021961
021965
021967
021968
021969
021970
021971
021972
021975
021978
021981
021983
021984
021985
021987
021990
021992
021993
021998
022002
022003
022005
022006
022007
022008
022011
022012
022013
022014
022016
022017
022018
022019
022020
022022
022023
022024
022025
022026
022027
022028
022030
022033
022034
022035
022036
022037
022038
022039
022040
022043
022045
022046
022049
022050
022051
022052
022056
022060
022061
022062
022063
022064
022069
022070
022071
022072
022074
022075
022076
022077
022078
022079
022081
022084
022085
022086
022087
022091
022092
022094
022096
022097
022098
022099
022101
022103
022105
022106
022107
022108
022110
022113
022114
022116
022120
022121
022124
022129
022130
022132
022133
022137
022141
022143
022144
022145
022146
022148
022149
022150
022151
022152
022156
022158
022160
022162
022164
022165
022168
022169
022170
022171
022172
022173
022174
022175
022176
022179
022181
022182
022184
022186
022187
022192
022194
022195
022196
022198
022201
022203
022206
022208
022210
022211
022212
022214
022215
022216
022217
022218
022219
022222
022223
022224
022225
022227
022228
022229
022230
022233
022234
022235
022237
022239
022240
022243
022244
022245
022248
022249
022251
022252
022253
022254
022255
022256
022257
022261
022263
022264
022266
022269
022270
022271
022272
022273
022274
022275
022276
022277
022278
022280
022282
022285
022287
022288
022291
022292
022293
022295
022298
022299
022300
022301
022302
022304
022306
022307
022308
022310
022311
022314
022316
022317
022321
022322
022324
022325
022326
022327
022328
022329
022334
022335
022336
022337
022340
022341
022342
022345
022346
022347
022349
022350
022352
022354
022356
022357
022358
022361
022362
022363
022365
022369
022372
022375
022377
022378
022380
022382
022384
022385
022386
022388
022391
022392
022393
022394
022395
022396
022397
022399
022401
022402
022405
022407
022408
022409
022410
022411
022412
022413
022416
022418
022419
022420
022422
022423
022425
022426
022427
022428
022430
022431
022433
022434
022435
022437
022442
022443
022444
022446
022452
022453
022457
022462
022464
022465
022467
022468
022471
022472
022473
022474
022477
022479
022482
022484
022485
022486
022489
022490
022492
022493
022494
022497
022498
022500
022501
022502
022503
022505
022506
022510
022512
022513
022515
022516
022517
022518
022519
022520
022522
022523
022524
022525
022526
022527
022528
022529
022532
022534
022535
022536
022540
022542
022543
022544
022546
022548
022549
022552
022553
022555
022556
022558
022561
022564
022565
022566
022567
022568
022569
022574
022576
022577
022578
022581
022583
022584
022587
022589
022590
022591
022592
022593
022594
022596
022597
022598
022599
022600
022602
022603
022604
022605
022606
022607
022609
022610
022611
022613
022614
022615
022616
022617
022618
022619
022620
022621
022622
022623
022625
022626
022627
022632
022634
022635
022636
022637
022639
022640
022642
022644
022645
022647
022649
022651
022653
022656
022657
022658
022659
022660
022664
022665
022666
022667
022668
022670
022671
022672
022673
022674
022675
022676
022677
022678
022679
022680
022683
022684
022686
022688
022689
022690
022692
022693
022694
022695
022699
022700
022702
022703
022704
022705
022706
022708
022710
022713
022715
022719
022720
022722
022725
022726
022728
022729
022730
022731
022732
022733
022734
022740
022741
022743
022744
022745
022746
022749
022752
022753
022754
022755
022756
022757
022759
022760
022762
022763
022764
022766
022768
022769
022770
022773
022774
022778
022779
022780
022782
022783
022785
022786
022787
022788
022790
022791
022793
022794
022795
022798
022799
022800
022804
022809
022810
022813
022814
022817
022818
022820
022822
022823
022825
022826
022828
022830
022831
022832
022834
022835
022838
022840
022841
022843
022844
022845
022848
022850
022854
022855
022857
022858
022859
022860
022861
022863
022864
022866
022867
022868
022869
022872
022873
022877
022878
022881
022883
022885
022887
022888
022889
022892
022894
022898
022899
022901
022902
022904
022906
022908
022909
022910
022912
022916
022917
022918
022920
022921
022922
022924
022926
022928
022929
022930
022932
022934
022935
022936
022937
022939
022940
022942
022944
022945
022946
022947
022950
022951
022953
022955
022959
022960
022961
022963
022964
022965
022967
022970
022971
022975
022977
022978
022979
022980
022981
022982
022983
022984
022986
022987
022988
022989
022990
022993
022997
022998
022999
023000
023001
023003
023004
023005
023007
023009
023013
023015
023019
023020
023021
023022
023023
023027
023029
023030
023031
023032
023033
023034
023035
023037
023039
023040
023041
023042
023043
023044
023045
023046
023048
023050
023051
023053
023054
023055
023057
023058
023059
023060
023063
023065
023066
023067
023068
023069
023071
023072
023073
023074
023075
023080
023082
023083
023085
023086
023087
023088
023089
023091
023092
023093
023097
023098
023100
023101
023102
023103
023105
023107
023109
023110
023112
023113
023114
023116
023118
023121
023122
023123
023124
023125
023126
023127
023128
023129
023131
023132
023137
023138
023139
023140
023141
023142
023143
023144
023145
023146
023147
023148
023150
023151
023154
023155
023156
023158
023161
023162
023165
023167
023168
023169
023170
023171
023172
023174
023177
023179
023180
023181
023182
023183
023185
023187
023189
023190
023193
023194
023195
023197
023198
023199
023200
023202
023203
023204
023205
023206
023209
023210
023211
023212
023213
023215
023216
023219
023221
023222
023224
023227
023228
023229
023232
023233
023236
023237
023238
023240
023241
023242
023244
023246
023247
023248
023254
023257
023261
023265
023269
023271
023272
023273
023275
023278
023279
023280
023281
023282
023284
023285
023287
023288
023290
023293
023294
023295
023297
023298
023299
023300
023302
023304
023306
023307
023309
023310
023312
023313
023316
023317
023318
023321
023322
023323
023326
023328
023329
023332
023333
023334
023335
023336
023337
023338
023339
023340
023344
023346
023349
023350
023352
023354
023355
023358
023359
023360
023361
023362
023364
023366
023367
023368
023369
023371
023372
023373
023378
023379
023380
023382
023384
023385
023389
023390
023393
023394
023398
023399
023400
023401
023403
023405
023408
023410
023411
023412
023415
023417
023418
023420
023422
023424
023425
023428
023429
023431
023432
023433
023434
023435
023436
023437
023439
023441
023442
023444
023445
023446
023447
023448
023449
023450
023451
023454
023456
023460
023462
023463
023464
023465
023466
023468
023470
023473
023474
023475
023479
023480
023481
023482
023483
023484
023486
023487
023488
023489
023490
023491
023492
023493
023494
023495
023497
023498
023500
023501
023502
023504
023506
023507
023508
023509
023510
023512
023515
023516
023519
023520
023522
023523
023524
023525
023526
023527
023528
023530
023531
023533
023534
023535
023536
023540
023541
023542
023543
023545
023546
023547
023548
023549
023550
023551
023552
023553
023555
023557
023558
023559
023562
023563
023565
023567
023569
023571
023572
023573
023575
023576
023577
023579
023580
023582
023586
023588
023589
023590
023591
023592
023595
023596
023597
023600
023601
023602
023603
023604
023606
023607
023608
023610
023611
023612
023614
023618
023619
023621
023624
023625
023626
023628
023629
023630
023631
023632
023633
023635
023636
023645
023646
023649
023650
023651
023653
023655
023660
023662
023663
023664
023665
023666
023672
023675
023677
023678
023679
023680
023682
023684
023685
023690
023691
023692
023693
023694
023695
023696
023697
023704
023705
023707
023709
023710
023711
023712
023715
023716
023717
023718
023719
023720
023722
023724
023725
023726
023727
023728
023730
023731
023732
023734
023737
023738
023741
023743
023744
023747
023748
023749
023751
023752
023754
023755
023756
023761
023762
023765
023768
023769
023771
023772
023777
023778
023780
023781
023783
023784
023785
023787
023788
023790
023795
023796
023800
023801
023802
023803
023804
023806
023807
023809
023810
023813
023814
023818
023819
023820
023821
023824
023825
023830
023831
023832
023834
023835
023836
023839
023844
023847
023848
023850
023853
023855
023856
023857
023858
023859
023860
023861
023862
023864
023865
023867
023868
023869
023870
023871
023873
023874
023875
023876
023878
023880
023881
023882
023883
023884
023886
023887
023889
023890
023893
023894
023895
023896
023899
023901
023903
023904
023905
023909
023911
023912
023913
023915
023916
023921
023923
023924
023927
023928
023929
023932
023933
023934
023935
023936
023939
023940
023942
023943
023944
023945
023948
023951
023952
023953
023954
023957
023959
023961
023964
023965
023966
023967
023968
023969
023970
023971
023975
023976
023977
023979
023980
023981
023983
023986
023987
023988
023996
023997
023998
024000
024001
024004
024008
024010
024013
024015
024016
024017
024018
024022
024023
024025
024027
024028
024029
024030
024031
024032
024034
024035
024037
024039
024040
024041
024043
024044
024046
024050
024052
024054
024055
024063
024065
024066
024069
024075
024077
024079
024080
024081
024082
024084
024085
024087
024089
024090
024091
024097
024099
024101
024103
024104
024105
024106
024107
024108
024109
024111
024113
024114
024115
024116
024117
024119
024120
024126
024127
024128
024131
024133
024134
024135
024136
024137
024138
024139
024140
024144
024145
024147
024150
024153
024154
024155
024156
024157
024158
024159
024162
024165
024168
024169
024170
024171
024172
024174
024175
024176
024177
024179
024180
024181
024182
024183
024185
024186
024187
024188
024189
024191
024192
024194
024196
024199
024200
024201
024204
024207
024209
024210
024212
024214
024216
024217
024218
024220
024221
024224
024225
024227
024229
024230
024232
024234
024236
024238
024242
024244
024245
024247
024248
024249
024251
024253
024256
024257
024258
024261
024263
024264
024265
024269
024273
024276
024279
024280
024281
024282
024284
024285
024287
024290
024291
024294
024295
024296
024297
024298
024300
024302
024303
024304
024305
024306
024307
024308
024309
024312
024313
024318
024322
024325
024326
024329
024332
024333
024336
024337
024338
024340
024343
024344
024345
024347
024349
024351
024352
024354
024356
024358
024359
024361
024362
024364
024365
024366
024368
024369
024371
024372
024373
024374
024375
024376
024378
024379
024380
024381
024382
024384
024385
024386
024390
024391
024392
024395
024396
024397
024398
024400
024401
024404
024405
024408
024410
024411
024412
024413
024415
024416
024417
024418
024419
024422
024424
024425
024426
024427
024428
024430
024431
024433
024434
024436
024437
024438
024440
024441
024442
024443
024445
024447
024448
024449
024450
024451
024452
024453
024454
024458
024459
024460
024461
024462
024463
024465
024466
024467
024468
024471
024474
024475
024476
024477
024478
024479
024481
024482
024485
024486
024487
024488
024489
024491
024493
024494
024497
024498
024501
024502
024504
024506
024507
024508
024515
024517
024518
024520
024521
024522
024524
024525
024526
024527
024529
024530
024532
024533
024535
024540
024544
024545
024546
024548
024550
024551
024552
024553
024554
024555
024556
024557
024558
024563
024564
024566
024567
024569
024570
024571
024572
024574
024575
024577
024580
024582
024583
024585
024586
024587
024589
024590
024592
024594
024597
024601
024603
024604
024606
024607
024608
024609
024610
024612
024614
024615
024616
024618
024619
024620
024622
024623
024625
024627
024631
024633
024635
024636
024638
024639
024640
024641
024643
024644
024645
024646
024647
024648
024649
024650
024652
024653
024654
024656
024657
024658
024659
024660
024661
024663
024664
024666
024667
024668
024669
024670
024671
024673
024674
024675
024678
024682
024684
024686
024689
024692
024695
024698
024699
024700
024702
024703
024707
024711
024712
024713
024714
024716
024718
024719
024721
024722
024725
024726
024731
024733
024734
024735
024736
024737
024738
024739
024740
024742
024743
024745
024746
024747
024749
024750
024751
024752
024754
024755
024756
024758
024760
024762
024764
024765
024766
024767
024768
024770
024773
024777
024778
024779
024780
024781
024784
024785
024786
024787
024788
024789
024790
024791
024793
024794
024795
024797
024798
024800
024801
024803
024804
024805
024806
024808
024811
024812
024813
024816
024819
024820
024822
024823
024824
024826
024827
024829
024832
024834
024835
024836
024837
024839
024840
024841
024842
024843
024844
024845
024846
024851
024852
024854
024857
024860
024862
024863
024864
024865
024867
024869
024873
024874
024876
024877
024879
024884
024885
024886
024887
024889
024890
024893
024895
024896
024897
024902
024903
024904
024906
024907
024910
024911
024912
024913
024914
024915
024916
024917
024918
024919
024921
024922
024923
024924
024927
024928
024930
024931
024932
024935
024936
024940
024943
024945
024948
024950
024951
024955
024957
024959
024963
024965
024966
024969
024972
024973
024976
024977
024978
024979
024981
024983
024985
024987
024988
024990
024991
024992
024997
025001
025002
025003
025005
025006
025008
025010
025011
025012
025015
025018
025021
025023
025024
025027
025028
025029
025030
025031
025034
025035
025037
025038
025039
025040
025044
025045
025046
025050
025051
025053
025054
025056
025058
025059
025060
025061
025062
025063
025064
025065
025068
025070
025071
025072
025073
025074
025075
025077
025078
025079
025081
025082
025084
025085
025086
025087
025088
025089
025090
025091
025092
025093
025094
025096
025097
025099
025102
025106
025108
025110
025111
025112
025113
025114
025115
025116
025117
025118
025119
025121
025124
025125
025126
025128
025129
025130
025134
025140
025141
025143
025144
025146
025147
025150
025151
025153
025154
025158
025159
025161
025166
025167
025168
025169
025170
025171
025172
025174
025175
025177
025180
025182
025186
025187
025188
025189
025190
025191
025192
025193
025196
025197
025200
025201
025202
025204
025206
025207
025208
025212
025213
025214
025215
025217
025219
025220
025221
025222
025225
025226
025228
025229
025230
025232
025233
025234
025239
025241
025242
025243
025246
025247
025248
025250
025255
025256
025257
025258
025260
025261
025262
025263
025264
025265
025266
025268
025269
025271
025272
025274
025275
025279
025280
025283
025286
025288
025291
025292
025296
025299
025301
025302
025303
025304
025305
025306
025309
025312
025315
025316
025317
025318
025319
025320
025322
025324
025325
025326
025331
025332
025333
025334
025336
025337
025338
025340
025341
025342
025343
025345
025347
025350
025351
025356
025357
025358
025359
025360
025361
025362
025364
025365
025367
025371
025372
025374
025375
025376
025377
025379
025380
025381
025382
025383
025385
025386
025387
025389
025391
025392
025393
025395
025396
025397
025398
025399
025401
025405
025410
025412
025414
025415
025417
025418
025420
025424
025426
025427
025428
025430
025431
025433
025434
025435
025442
025444
025445
025446
025447
025450
025453
025456
025457
025458
025459
025461
025464
025465
025466
025468
025469
025471
025472
025474
025477
025478
025479
025482
025486
025488
025489
025490
025491
025495
025497
025499
025500
025501
025502
025504
025507
025510
025512
025514
025515
025516
025519
025520
025521
025524
025526
025527
025528
025529
025530
025531
025535
025536
025538
025540
025541
025543
025544
025545
025547
025549
025550
025551
025553
025554
025555
025556
025557
025558
025560
025561
025562
025563
025564
025565
025566
025568
025569
025570
025572
025573
025574
025575
025577
025579
025580
025582
025584
025594
025595
025596
025598
025599
025600
025601
025602
025605
025607
025608
025609
025612
025614
025616
025618
025619
025621
025624
025625
025626
025628
025629
025634
025637
025638
025639
025640
025642
025643
025645
025646
025647
025648
025649
025652
025654
025656
025658
025659
025660
025662
025663
025666
025667
025668
025669
025670
025671
025672
025674
025677
025679
025681
025683
025685
025686
025687
025688
025689
025694
025696
025697
025698
025699
025700
025702
025704
025706
025708
025709
025710
025711
025712
025713
025714
025716
025719
025721
025723
025726
025727
025729
025730
025732
025733
025736
025737
025738
025739
025740
025741
025742
025744
025745
025749
025753
025757
025758
025759
025761
025762
025764
025766
025767
025770
025771
025772
025773
025776
025777
025778
025779
025780
025782
025783
025785
025787
025789
025790
025791
025793
025797
025798
025801
025802
025804
025806
025810
025811
025813
025814
025816
025817
025820
025826
025827
025828
025830
025831
025833
025834
025835
025836
025837
025839
025842
025844
025845
025847
025849
025850
025852
025854
025856
025859
025860
025863
025864
025866
025867
025870
025872
025877
025878
025879
025881
025882
025883
025886
025889
025890
025891
025895
025896
025897
025899
025903
025905
025909
025910
025912
025914
025915
025916
025918
025921
025922
025923
025925
025926
025927
025928
025929
025930
025931
025933
025934
025936
025937
025939
025941
025942
025947
025950
025953
025954
025955
025959
025961
025962
025965
025966
025967
025969
025970
025975
025976
025977
025978
025982
025983
025984
025985
025986
025987
025990
025991
025996
026000
026001
026003
026004
026007
026008
026009
026011
026012
026013
026014
026016
026018
026020
026021
026024
026026
026027
026028
026029
026030
026031
026032
026033
026034
026036
026037
026039
026040
026041
026045
026046
026048
026049
026050
026051
026052
026053
026054
026056
026058
026059
026062
026063
026065
026066
026067
026068
026069
026070
026071
026073
026074
026075
026076
026078
026079
026080
026082
026083
026084
026088
026089
026091
026093
026094
026095
026096
026099
026101
026102
026103
026105
026106
026107
026109
026111
026112
026114
026116
026120
026123
026125
026127
026129
026130
026131
026132
026133
026134
026135
026138
026139
026140
026141
026143
026146
026147
026149
026150
026151
026153
026154
026155
026156
026158
026159
026161
026162
026163
026164
026165
026168
026169
026170
026173
026174
026175
026177
026178
026180
026181
026182
026183
026185
026186
026188
026189
026190
026192
026193
026194
026195
026198
026199
026200
026201
026203
026204
026205
026206
026207
026208
026212
026214
026215
026216
026217
026219
026220
026221
026222
026223
026226
026227
026228
026229
026230
026231
026235
026237
026238
026239
026240
026241
026242
026243
026244
026245
026246
026248
026249
026251
026252
026254
026256
026257
026258
026259
026260
026261
026263
026265
026267
026269
026270
026271
026272
026273
026274
026276
026277
026278
026279
026280
026281
026282
026283
026284
026286
026287
026288
026289
026291
026296
026298
026299
026301
026302
026303
026304
026306
026307
026308
026309
026310
026312
026316
026318
026319
026320
026323
026324
026325
026326
026327
026328
026329
026330
026332
026333
026335
026336
026338
026339
026340
026342
026344
026345
026348
026349
026350
026354
026357
026358
026359
026361
026363
026364
026366
026367
026368
026369
026370
026373
026374
026376
026377
026378
026379
026381
026382
026384
026385
026388
026390
026391
026393
026394
026395
026396
026397
026398
026399
026400
026401
026403
026404
026405
026408
026409
026410
026411
026412
026415
026416
026419
026420
026423
026424
026425
026426
026427
026429
026431
026433
026434
026435
026436
026437
026438
026441
026445
026446
026447
026448
026449
026450
026451
026453
026454
026455
026456
026459
026460
026463
026464
026465
026466
026467
026468
026471
026474
026475
026476
026477
026481
026482
026486
026487
026488
026489
026491
026492
026493
026494
026495
026496
026499
026501
026502
026506
026507
026508
026509
026510
026517
026518
026519
026522
026523
026525
026526
026529
026530
026532
026533
026534
026535
026537
026538
026539
026541
026542
026544
026545
026546
026547
026548
026551
026552
026554
026555
026559
026563
026567
026568
026571
026573
026574
026575
026576
026577
026578
026580
026581
026582
026583
026584
026586
026587
026588
026589
026590
026599
026600
026601
026602
026603
026604
026605
026606
026607
026611
026613
026615
026617
026618
026622
026623
026627
026628
026630
026633
026637
026638
026639
026640
026641
026642
026643
026646
026647
026650
026651
026652
026653
026654
026656
026657
026659
026661
026662
026663
026664
026667
026669
026671
026672
026674
026675
026676
026678
026679
026680
026681
026683
026684
026685
026687
026689
026692
026694
026695
026697
026699
026701
026702
026704
026706
026708
026709
026711
026714
026716
026717
026718
026721
026723
026725
026726
026728
026730
026731
026732
026734
026735
026736
026738
026739
026740
026741
026742
026746
026747
026748
026750
026752
026753
026754
026755
026756
026757
026759
026760
026761
026764
026767
026770
026773
026774
026777
026778
026779
026780
026784
026785
026786
026787
026789
026790
026792
026793
026795
026796
026797
026798
026800
026801
026802
026803
026805
026806
026809
026811
026813
026814
026815
026816
026817
026818
026819
026821
026822
026823
026827
026828
026829
026830
026832
026833
026834
026835
026837
026838
026839
026840
026841
026842
026844
026846
026847
026848
026849
026850
026852
026853
026855
026857
026858
026862
026863
026864
026865
026869
026870
026872
026873
026875
026876
026877
026878
026879
026881
026882
026883
026886
026887
026891
026892
026897
026898
026900
026902
026904
026907
026910
026911
026912
026913
026914
026915
026918
026919
026920
026921
026924
026925
026927
026928
026932
026933
026934
026935
026937
026938
026940
026943
026945
026947
026948
026949
026951
026952
026956
026960
026962
026963
026964
026967
026968
026969
026970
026976
026979
026980
026981
026982
026983
026986
026988
026989
026990
026991
026992
026993
026994
026995
026996
026997
026999
027002
027004
027005
027006
027011
027014
027015
027017
027019
027020
027021
027024
027025
027030
027031
027032
027037
027038
027039
027040
027042
027043
027044
027045
027046
027047
027049
027050
027051
027052
027054
027056
027059
027060
027062
027063
027064
027065
027066
027067
027068
027069
027073
027074
027075
027076
027079
027081
027083
027084
027085
027086
027087
027088
027089
027090
027093
027096
027097
027099
027100
027101
027102
027103
027104
027105
027106
027108
027110
027111
027113
027114
027116
027118
027119
027120
027123
027124
027125
027126
027127
027128
027129
027130
027132
027133
027136
027139
027142
027143
027144
027145
027147
027148
027149
027152
027154
027155
027156
027159
027160
027161
027166
027167
027170
027171
027172
027173
027175
027178
027179
027181
027182
027183
027184
027188
027189
027190
027191
027192
027195
027196
027197
027199
027200
027201
027202
027204
027206
027208
027209
027211
027216
027217
027218
027220
027221
027222
027223
027224
027225
027226
027228
027229
027230
027231
027232
027233
027234
027235
027238
027239
027241
027242
027243
027244
027245
027246
027247
027250
027251
027254
027255
027257
027258
027259
027260
027262
027263
027265
027266
027267
027269
027272
027273
027274
027276
027278
027279
027283
027284
027286
027287
027289
027292
027294
027297
027299
027300
027301
027305
027308
027309
027310
027312
027313
027314
027316
027317
027318
027320
027324
027325
027326
027329
027333
027334
027336
027337
027338
027339
027340
027341
027343
027347
027348
027351
027352
027355
027356
027358
027360
027361
027363
027365
027368
027369
027370
027371
027372
027373
027376
027377
027379
027380
027381
027382
027383
027384
027385
027386
027388
027389
027390
027391
027392
027394
027395
027396
027397
027398
027400
027401
027402
027403
027404
027405
027407
027408
027409
027410
027411
027413
027414
027415
027416
027417
027418
027421
027423
027424
027425
027427
027429
027431
027435
027436
027438
027439
027440
027442
027443
027444
027446
027450
027452
027453
027454
027455
027456
027457
027458
027459
027462
027463
027465
027466
027467
027468
027469
027470
027472
027474
027475
027477
027478
027480
027482
027483
027486
027487
027488
027489
027491
027493
027495
027496
027497
027499
027500
027501
027503
027504
027505
027506
027508
027510
027511
027512
027513
027515
027516
027517
027518
027523
027524
027525
027526
027528
027529
027530
027533
027535
027538
027539
027540
027542
027545
027547
027548
027550
027554
027557
027558
027559
027563
027564
027565
027566
027568
027570
027571
027573
027575
027576
027577
027578
027579
027580
027581
027587
027588
027589
027590
027591
027592
027593
027594
027595
027596
027597
027598
027600
027601
027602
027603
027604
027605
027606
027607
027608
027610
027611
027614
027615
027616
027617
027618
027621
027622
027625
027626
027629
027631
027633
027634
027635
027636
027637
027640
027644
027647
027648
027649
027650
027652
027653
027654
027657
027658
027659
027660
027661
027662
027663
027664
027665
027669
027670
027671
027673
027675
027678
027682
027683
027684
027685
027686
027690
027691
027693
027694
027695
027697
027699
027700
027701
027702
027704
027707
027708
027710
027713
027714
027717
027719
027725
027726
027728
027734
027737
027740
027741
027742
027743
027748
027749
027751
027753
027754
027757
027760
027761
027762
027763
027764
027769
027770
027773
027774
027777
027778
027780
027783
027784
027785
027786
027787
027788
027789
027792
027794
027795
027796
027797
027800
027801
027803
027805
027807
027808
027809
027812
027813
027814
027816
027820
027821
027825
027826
027828
027829
027830
027831
027832
027834
027836
027837
027838
027839
027840
027841
027842
027843
027845
027848
027849
027850
027851
027852
027853
027857
027859
027860
027861
027863
027864
027865
027866
027868
027869
027870
027872
027873
027874
027875
027878
027879
027881
027882
027884
027885
027888
027889
027890
027893
027894
027895
027897
027898
027900
027902
027905
027906
027908
027912
027913
027914
027917
027918
027920
027921
027922
027927
027928
027929
027931
027935
027937
027940
027941
027943
027949
027952
027953
027954
027955
027956
027957
027958
027959
027960
027961
027962
027964
027967
027973
027974
027976
027977
027979
027983
027984
027985
027992
027994
027995
027996
027997
027998
028001
028003
028006
028007
028008
028011
028012
028015
028016
028017
028018
028019
028020
028021
028022
028023
028028
028029
028030
028032
028035
028036
028037
028038
028040
028041
028042
028043
028044
028048
028049
028051
028052
028053
028055
028057
028059
028060
028061
028062
028065
028068
028069
028070
028071
028072
028073
028075
028076
028077
028078
028079
028080
028081
028084
028087
028089
028098
028100
028103
028104
028109
028110
028111
028112
028114
028116
028117
028118
028122
028126
028129
028132
028134
028135
028137
028140
028142
028144
028145
028147
028149
028150
028152
028153
028156
028157
028158
028159
028160
028162
028163
028164
028165
028167
028171
028172
028174
028175
028177
028178
028179
028180
028184
028185
028186
028187
028190
028191
028192
028193
028194
028195
028196
028198
028199
028200
028204
028205
028209
028210
028211
028212
028214
028215
028216
028217
028218
028220
028221
028222
028223
028224
028226
028227
028228
028230
028231
028232
028233
028235
028237
028238
028239
028241
028242
028243
028246
028247
028248
028254
028256
028257
028258
028260
028261
028262
028264
028266
028267
028268
028270
028273
028275
028277
028280
028282
028283
028284
028285
028286
028287
028288
028290
028291
028293
028294
028296
028298
028299
028300
028302
028303
028307
028308
028309
028311
028314
028315
028316
028317
028319
028322
028324
028325
028328
028332
028334
028335
028339
028341
028342
028343
028344
028345
028349
028350
028351
028354
028357
028358
028359
028360
028363
028365
028366
028369
028370
028374
028375
028376
028377
028379
028380
028384
028386
028387
028388
028390
028391
028392
028394
028396
028399
028400
028402
028404
028406
028407
028408
028409
028410
028412
028413
028414
028418
028419
028421
028422
028423
028426
028428
028429
028430
028431
028432
028433
028434
028435
028436
028439
028440
028441
028442
028443
028444
028445
028449
028450
028451
028452
028453
028454
028457
028458
028459
028462
028463
028465
028466
028473
028474
028475
028477
028478
028479
028480
028481
028482
028484
028491
028493
028496
028498
028499
028501
028504
028505
028507
028508
028509
028510
028511
028513
028515
028517
028519
028521
028522
028525
028526
028527
028528
028529
028530
028531
028533
028535
028539
028540
028542
028544
028545
028548
028550
028551
028552
028554
028555
028557
028558
028559
028565
028567
028568
028569
028571
028572
028573
028575
028576
028578
028579
028581
028582
028583
028584
028585
028590
028593
028594
028595
028596
028597
028598
028599
028601
028602
028603
028608
028610
028611
028612
028614
028615
028617
028618
028619
028620
028621
028622
028624
028625
028626
028629
028630
028631
028633
028634
028636
028637
028638
028639
028640
028641
028642
028643
028644
028645
028648
028649
028651
028652
028653
028654
028655
028657
028658
028659
028660
028662
028663
028664
028665
028666
028667
028668
028669
028670
028671
028673
028674
028675
028676
028677
028678
028680
028681
028685
028688
028689
028690
028691
028697
028698
028700
028702
028703
028704
028705
028706
028707
028710
028711
028712
028713
028714
028716
028717
028721
028724
028725
028726
028727
028728
028730
028732
028733
028735
028736
028737
028738
028740
028742
028743
028744
028745
028746
028747
028749
028754
028756
028757
028758
028761
028762
028764
028765
028767
028768
028771
028773
028775
028776
028777
028778
028780
028781
028782
028783
028784
028785
028786
028787
028790
028791
028794
028800
028801
028802
028803
028804
028805
028808
028809
028810
028812
028816
028817
028826
028828
028830
028831
028832
028835
028837
028839
028841
028842
028843
028844
028845
028846
028848
028849
028850
028851
028852
028853
028854
028855
028856
028857
028858
028859
028860
028862
028863
028864
028868
028869
028871
028872
028877
028878
028880
028881
028882
028883
028886
028887
028888
028890
028892
028897
028900
028905
028906
028907
028908
028909
028910
028913
028914
028916
028917
028918
028920
028921
028922
028923
028925
028927
028928
028931
028934
028935
028937
028938
028939
028941
028942
028944
028945
028948
028949
028950
028954
028955
028956
028957
028958
028961
028963
028965
028970
028976
028977
028979
028980
028982
028983
028984
028985
028986
028988
028993
028994
028995
028999
029000
029003
029005
029007
029008
029012
029014
029018
029019
029020
029021
029023
029025
029026
029028
029031
029033
029037
029038
029039
029040
029041
029042
029043
029044
029045
029046
029047
029048
029049
029050
029052
029053
029054
029057
029060
029061
029062
029063
029064
029066
029068
029070
029071
029072
029074
029075
029077
029079
029084
029085
029086
029087
029088
029091
029093
029095
029096
029098
029100
029102
029103
029104
029105
029108
029109
029111
029116
029117
029118
029119
029122
029123
029128
029131
029132
029133
029134
029135
029136
029138
029139
029140
029143
029145
029146
029148
029149
029151
029152
029153
029157
029159
029160
029162
029163
029164
029166
029168
029170
029171
029172
029173
029174
029175
029177
029178
029179
029180
029181
029182
029183
029184
029187
029189
029193
029194
029195
029196
029198
029201
029202
029204
029205
029207
029209
029210
029211
029212
029214
029216
029217
029219
029220
029221
029225
029226
029228
029229
029233
029237
029238
029239
029241
029243
029247
029248
029249
029250
029251
029252
029255
029256
029258
029259
029260
029261
029262
029263
029264
029265
029269
029270
029272
029274
029275
029277
029278
029280
029284
029285
029287
029288
029289
029290
029291
029293
029295
029297
029298
029299
029301
029303
029304
029305
029306
029308
029311
029313
029315
029316
029317
029318
029320
029321
029323
029324
029327
029329
029330
029331
029332
029337
029338
029340
029341
029344
029348
029351
029353
029354
029355
029357
029360
029362
029363
029364
029365
029366
029367
029368
029369
029371
029374
029375
029376
029378
029380
029381
029383
029384
029385
029387
029389
029392
029393
029394
029395
029396
029399
029403
029410
029411
029412
029416
029417
029418
029420
029421
029422
029423
029424
029425
029426
029427
029428
029429
029430
029431
029433
029434
029435
029439
029440
029442
029443
029444
029446
029447
029448
029449
029450
029451
029452
029453
029454
029455
029457
029458
029460
029461
029464
029465
029470
029471
029473
029474
029475
029476
029477
029478
029479
029481
029483
029486
029487
029488
029489
029491
029494
029497
029499
029502
029507
029509
029510
029512
029514
029522
029525
029529
029530
029531
029533
029536
029537
029538
029539
029540
029541
029542
029545
029546
029547
029549
029551
029552
029553
029555
029556
029558
029559
029561
029562
029563
029564
029565
029567
029568
029569
029571
029572
029573
029574
029577
029580
029583
029584
029585
029587
029588
029589
029590
029591
029592
029596
029599
029600
029602
029603
029604
029605
029606
029609
029610
029611
029613
029614
029615
029619
029620
029621
029624
029625
029626
029629
029630
029631
029635
029637
029638
029639
029641
029642
029643
029646
029647
029650
029651
029652
029653
029654
029655
029656
029662
029664
029667
029669
029671
029674
029675
029676
029677
029679
029680
029681
029682
029683
029684
029685
029687
029689
029691
029696
029701
029702
029703
029704
029707
029708
029709
029710
029711
029713
029714
029715
029716
029717
029718
029720
029722
029723
029724
029728
029729
029730
029731
029732
029733
029734
029735
029736
029737
029739
029740
029742
029745
029746
029747
029748
029752
029756
029758
029759
029760
029762
029763
029765
029767
029769
029770
029771
029772
029773
029774
029776
029777
029778
029780
029782
029783
029784
029785
029787
029788
029790
029792
029793
029796
029800
029801
029803
029804
029806
029807
029808
029809
029811
029812
029813
029814
029816
029818
029822
029825
029826
029828
029830
029837
029840
029842
029843
029844
029845
029847
029850
029851
029853
029855
029856
029857
029860
029861
029862
029865
029868
029871
029873
029874
029877
029878
029879
029885
029886
029887
029889
029890
029891
029893
029895
029896
029897
029898
029899
029900
029901
029903
029904
029905
029906
029907
029908
029909
029910
029911
029913
029914
029915
029916
029917
029919
029920
029923
029924
029925
029926
029929
029938
029941
029944
029946
029947
029949
029951
029953
029954
029959
029960
029961
029962
029963
029964
029965
029972
029973
029975
029977
029978
029979
029981
029982
029983
029984
029986
029987
029988
029991
029993
029996
030000
030003
030004
030007
030008
030009
030010
030013
030015
030016
030020
030021
030025
030026
030027
030029
030030
030031
030033
030035
030037
030040
030041
030042
030047
030048
030049
030050
030051
030052
030056
030058
030060
030062
030063
030066
030069
030070
030071
030072
030073
030075
030076
030078
030079
030080
030081
030083
030084
030087
030088
030089
030091
030092
030094
030097
030098
030099
030100
030101
030102
030103
030104
030106
030108
030109
030110
030112
030114
030115
030116
030118
030119
030120
030121
030122
030123
030124
030125
030126
030127
030128
030130
030132
030133
030135
030136
030138
030139
030140
030141
030143
030146
030147
030148
030149
030150
030151
030152
030154
030158
030161
030163
030164
030165
030169
030172
030173
030174
030177
030178
030179
030180
030181
030182
030186
030189
030192
030193
030195
030198
030200
030201
030202
030203
030204
030206
030207
030209
030211
030214
030215
030216
030217
030218
030219
030220
030222
030224
030225
030226
030227
030231
030232
030233
030234
030235
030236
030238
030239
030244
030245
030246
030247
030248
030249
030250
030251
030252
030254
030255
030257
030258
030259
030260
030262
030264
030265
030266
030267
030268
030269
030270
030271
030273
030278
030279
030280
030283
030285
030286
030288
030289
030290
030292
030293
030294
030295
030301
030302
030304
030306
030307
030310
030317
030319
030320
030321
030322
030325
030326
030327
030330
030333
030334
030337
030338
030339
030340
030341
030342
030343
030344
030346
030347
030348
030349
030352
030353
030355
030357
030358
030359
030360
030362
030365
030366
030369
030370
030371
030372
030373
030374
030376
030377
030381
030382
030383
030384
030386
030387
030388
030389
030392
030394
030395
030397
030398
030399
030400
030402
030403
030406
030407
030409
030411
030412
030414
030416
030417
030420
030421
030422
030423
030424
030425
030426
030427
030429
030431
030433
030435
030438
030440
030441
030445
030447
030448
030449
030451
030453
030454
030455
030456
030457
030458
030459
030460
030463
030464
030465
030470
030472
030473
030474
030475
030476
030477
030478
030480
030481
030482
030484
030490
030491
030492
030493
030494
030500
030502
030503
030504
030506
030507
030508
030509
030510
030511
030512
030513
030514
030515
030517
030519
030522
030523
030524
030525
030526
030527
030528
030529
030530
030531
030535
030536
030538
030539
030540
030541
030543
030546
030547
030549
030552
030555
030556
030558
030559
030560
030561
030563
030565
030566
030569
030570
030572
030574
030576
030578
030580
030583
030584
030585
030586
030587
030588
030589
030591
030592
030593
030596
030598
030600
030601
030603
030604
030606
030607
030609
030611
030612
030614
030618
030620
030621
030622
030624
030625
030626
030627
030628
030629
030631
030632
030633
030634
030636
030638
030640
030641
030643
030644
030646
030648
030651
030652
030653
030657
030659
030660
030661
030662
030665
030666
030667
030668
030670
030672
030673
030675
030676
030677
030678
030679
030680
030682
030685
030690
030691
030692
030694
030695
030697
030699
030700
030701
030705
030707
030713
030714
030715
030716
030717
030718
030720
030721
030723
030724
030725
030726
030729
030730
030731
030733
030734
030735
030738
030739
030742
030743
030744
030745
030746
030748
030749
030750
030751
030752
030753
030755
030756
030759
030761
030762
030763
030764
030766
030767
030768
030769
030770
030771
030772
030774
030776
030777
030779
030783
030784
030789
030792
030795
030796
030797
030799
030800
030801
030803
030805
030807
030809
030810
030814
030815
030817
030818
030819
030821
030822
030824
030826
030828
030831
030833
030834
030835
030836
030837
030838
030839
030840
030841
030842
030843
030844
030846
030847
030848
030849
030850
030851
030852
030858
030859
030860
030861
030863
030864
030866
030873
030874
030875
030876
030879
030880
030882
030883
030885
030887
030888
030889
030890
030892
030893
030894
030897
030900
030903
030904
030905
030906
030908
030909
030910
030912
030914
030915
030916
030918
030919
030920
030921
030922
030923
030925
030926
030927
030928
030931
030934
030935
030936
030937
030939
030940
030941
030942
030943
030944
030945
030946
030947
030948
030949
030955
030956
030957
030958
030959
030960
030961
030962
030963
030964
030966
030967
030969
030970
030971
030975
030977
030978
030981
030983
030986
030987
030988
030989
030990
030991
030993
030994
030995
030997
030999
031000
031001
031004
031005
031009
031011
031013
031014
031015
031017
031020
031022
031023
031024
031026
031027
031028
031029
031033
031034
031036
031037
031038
031040
031042
031043
031044
031046
031048
031049
031052
031053
031054
031055
031056
031057
031058
031062
031063
031067
031068
031070
031074
031075
031076
031077
031078
031079
031081
031082
031085
031086
031087
031088
031090
031092
031094
031095
031096
031097
031098
031100
031102
031104
031105
031106
031108
031110
031111
031112
031113
031114
031115
031117
031120
031121
031122
031124
031125
031126
031128
031129
031130
031131
031132
031133
031135
031136
031137
031138
031142
031144
031146
031148
031150
031151
031152
031153
031154
031155
031156
031157
031158
031159
031160
031161
031165
031167
031168
031170
031174
031176
031178
031179
031180
031182
031183
031184
031186
031187
031190
031194
031196
031197
031198
031200
031202
031204
031205
031208
031209
031211
031212
031213
031215
031216
031219
031221
031223
031225
031226
031227
031230
031232
031233
031234
031235
031236
031238
031239
031240
031241
031243
031245
031246
031247
031250
031252
031253
031254
031256
031257
031258
031259
031260
031261
031262
031270
031273
031277
031278
031279
031280
031281
031282
031283
031284
031286
031287
031288
031290
031292
031294
031296
031297
031299
031302
031303
031305
031306
031307
031309
031310
031312
031314
031315
031316
031317
031318
031319
031320
031321
031324
031325
031326
031327
031328
031331
031333
031339
031340
031341
031342
031343
031344
031345
031347
031349
031351
031353
031354
031355
031356
031359
031360
031361
031362
031363
031364
031365
031368
031369
031374
031380
031382
031383
031389
031390
031391
031393
031394
031395
031397
031398
031400
031402
031403
031405
031406
031409
031410
031413
031414
031417
031418
031421
031423
031425
031428
031429
031430
031431
031432
031433
031439
031441
031445
031447
031448
031451
031452
031453
031455
031458
031462
031464
031465
031467
031469
031470
031471
031472
031473
031476
031477
031478
031480
031483
031486
031487
031488
031489
031490
031491
031492
031494
031495
031496
031497
031499
031500
031501
031503
031504
031505
031506
031507
031508
031509
031510
031511
031515
031516
031518
031519
031520
031522
031523
031524
031526
031528
031529
031530
031532
031533
031537
031538
031541
031542
031546
031547
031548
031549
031550
031553
031557
031560
031561
031564
031565
031567
031570
031574
031575
031578
031582
031585
031586
031588
031591
031592
031596
031598
031600
031601
031602
031604
031605
031606
031607
031609
031610
031612
031614
031616
031617
031618
031620
031622
031625
031626
031628
031629
031630
031632
031633
031635
031636
031637
031638
031639
031640
031641
031644
031645
031648
031649
031650
031651
031652
031654
031656
031657
031660
031662
031663
031665
031666
031667
031668
031669
031673
031674
031675
031676
031677
031678
031679
031681
031682
031683
031684
031685
031687
031688
031689
031690
031691
031692
031695
031697
031699
031701
031702
031704
031707
031709
031713
031714
031716
031717
031718
031719
031720
031723
031725
031729
031732
031735
031736
031737
031738
031740
031741
031745
031746
031747
031751
031755
031756
031758
031759
031760
031764
031766
031767
031768
031769
031771
031772
031773
031776
031777
031779
031781
031782
031783
031784
031785
031786
031787
031790
031791
031796
031800
031802
031804
031807
031809
031810
031811
031812
031813
031815
031816
031817
031818
031819
031820
031821
031823
031824
031828
031829
031830
031833
031834
031837
031838
031840
031842
031844
031845
031847
031848
031851
031852
031854
031857
031858
031859
031861
031862
031863
031864
031865
031867
031868
031869
031871
031873
031874
031876
031877
031878
031882
031883
031884
031886
031888
031891
031896
031897
031899
031900
031904
031905
031906
031908
031909
031910
031914
031917
031918
031919
031920
031923
031925
031926
031927
031928
031929
031930
031932
031937
031938
031940
031941
031943
031945
031946
031947
031948
031950
031951
031954
031955
031956
031957
031958
031960
031961
031962
031965
031966
031967
031968
031969
031972
031974
031975
031977
031979
031981
031982
031983
031984
031985
031986
031987
031988
031989
031992
031993
031994
031996
031997
031999
032000
032001
032002
032003
032006
032007
032009
032013
032014
032015
032018
032022
032023
032024
032026
032031
032032
032033
032036
032037
032038
032039
032040
032041
032042
032044
032047
032049
032050
032051
032052
032053
032054
032055
032057
032058
032059
032063
032066
032068
032069
032070
032073
032074
032075
032076
032077
032079
032080
032081
032084
032086
032088
032089
032090
032091
032092
032093
032094
032096
032097
032098
032101
032102
032103
032105
032106
032107
032110
032111
032113
032114
032115
032117
032119
032120
032121
032122
032123
032126
032129
032131
032132
032135
032137
032139
032143
032145
032147
032148
032149
032150
032151
032152
032155
032157
032158
032159
032160
032161
032162
032163
032164
032165
032166
032167
032170
032171
032174
032175
032176
032177
032179
032181
032182
032183
032185
032187
032189
032191
032192
032193
032195
032196
032199
032200
032201
032202
032203
032204
032206
032208
032209
032210
032211
032212
032215
032216
032217
032218
032224
032227
032230
032236
032238
032239
032240
032243
032244
032245
032249
032254
032255
032258
032260
032261
032266
032267
032268
032271
032272
032274
032276
032277
032279
032280
032282
032283
032284
032287
032288
032290
032292
032294
032295
032297
032298
032299
032300
032302
032303
032304
032306
032307
032308
032310
032311
032312
032313
032314
032315
032316
032317
032318
032319
032321
032322
032324
032328
032330
032331
032332
032336
032337
032338
032341
032343
032344
032345
032346
032351
032352
032353
032355
032356
032358
032359
032360
032362
032363
032364
032366
032367
032369
032371
032372
032373
032377
032378
032381
032382
032383
032384
032385
032386
032387
032388
032389
032390
032391
032392
032393
032396
032398
032400
032401
032402
032404
032406
032407
032408
032411
032412
032415
032416
032417
032418
032419
032420
032421
032424
032425
032427
032430
032433
032434
032435
032438
032439
032440
032444
032450
032451
032452
032453
032454
032455
032456
032457
032458
032460
032461
032462
032464
032466
032468
032471
032472
032473
032474
032475
032477
032479
032482
032483
032484
032485
032487
032488
032490
032491
032496
032500
032501
032502
032505
032506
032507
032508
032509
032510
032511
032513
032514
032515
032516
032518
032519
032520
032522
032524
032526
032532
032534
032535
032540
032541
032542
032544
032546
032548
032550
032552
032553
032554
032555
032556
032557
032559
032560
032561
032562
032569
032570
032571
032573
032574
032576
032578
032579
032581
032582
032583
032584
032587
032588
032589
032592
032595
032596
032597
032601
032602
032603
032605
032606
032607
032608
032613
032618
032620
032621
032622
032625
032626
032628
032630
032635
032640
032641
032643
032646
032647
032648
032649
032650
032652
032653
032654
032655
032656
032657
032660
032662
032663
032667
032669
032670
032672
032674
032675
032677
032679
032680
032682
032683
032685
032686
032687
032689
032690
032691
032692
032697
032698
032699
032700
032701
032703
032704
032705
032707
032708
032709
032711
032714
032716
032718
032720
032722
032723
032724
032725
032726
032727
032729
032731
032733
032734
032735
032737
032739
032740
032741
032742
032743
032744
032746
032747
032749
032750
032751
032752
032753
032756
032758
032761
032762
032763
032764
032765
032766
032767
032768
032769
032770
032772
032775
032777
032779
032782
032783
032784
032785
032786
032789
032792
032793
032795
032797
032798
032803
032804
032806
032807
032808
032809
032813
032814
032815
032816
032818
032823
032824
032825
032826
032828
032829
032830
032831
032833
032834
032836
032837
032838
032840
032841
032843
032844
032846
032848
032851
032852
032854
032855
032856
032857
032860
032861
032864
032866
032868
032869
032870
032871
032874
032876
032878
032879
032880
032881
032882
032884
032885
032886
032887
032888
032889
032892
032895
032896
032898
032900
032902
032903
032904
032905
032909
032910
032911
032913
032916
032917
032918
032919
032921
032922
032925
032926
032929
032930
032932
032935
032936
032937
032941
032942
032944
032945
032947
032949
032951
032954
032956
032961
032962
032963
032964
032966
032967
032969
032976
032977
032978
032981
032982
032983
032984
032985
032986
032987
032988
032991
032992
032993
032994
033002
033004
033006
033010
033011
033016
033017
033018
033019
033021
033022
033023
033024
033028
033029
033030
033034
033036
033039
033040
033041
033044
033045
033046
033048
033052
033053
033056
033057
033058
033059
033061
033062
033064
033067
033068
033069
033070
033073
033074
033075
033076
033078
033079
033083
033084
033086
033089
033090
033091
033095
033096
033097
033099
033101
033102
033103
033105
033106
033107
033108
033109
033110
033111
033112
033115
033117
033121
033122
033123
033124
033126
033127
033128
033129
033130
033134
033135
033137
033139
033140
033141
033143
033149
033150
033151
033152
033153
033154
033155
033156
033157
033160
033161
033164
033165
033167
033169
033171
033172
033174
033180
033181
033182
033183
033184
033185
033186
033187
033188
033189
033191
033192
033193
033194
033196
033199
033201
033202
033204
033205
033206
033207
033209
033210
033211
033213
033214
033215
033216
033218
033219
033221
033222
033223
033230
033232
033236
033239
033241
033242
033243
033244
033245
033246
033247
033248
033250
033252
033254
033255
033257
033259
033261
033263
033265
033267
033269
033272
033274
033276
033277
033278
033279
033280
033281
033282
033284
033288
033289
033290
033291
033293
033294
033295
033298
033299
033302
033303
033305
033306
033309
033311
033312
033314
033315
033316
033318
033319
033320
033321
033322
033323
033325
033327
033328
033329
033333
033336
033337
033338
033339
033341
033342
033343
033344
033346
033348
033350
033351
033352
033353
033355
033357
033358
033360
033363
033366
033368
033369
033373
033374
033375
033377
033378
033379
033380
033382
033384
033386
033388
033389
033390
033393
033394
033395
033396
033397
033398
033399
033400
033401
033402
033406
033407
033408
033409
033410
033414
033416
033419
033423
033424
033426
033427
033431
033432
033434
033436
033438
033440
033442
033444
033445
033449
033452
033457
033459
033460
033461
033463
033465
033467
033469
033470
033473
033474
033477
033479
033480
033482
033485
033486
033488
033489
033492
033493
033494
033496
033497
033499
033500
033501
033502
033503
033504
033508
033509
033510
033511
033512
033513
033515
033516
033520
033521
033522
033524
033525
033528
033530
033534
033535
033536
033538
033539
033541
033542
033544
033545
033546
033548
033549
033550
033551
033552
033557
033558
033560
033561
033564
033565
033566
033571
033572
033574
033578
033580
033581
033582
033584
033586
033590
033591
033592
033593
033595
033596
033597
033599
033601
033602
033603
033605
033608
033609
033610
033613
033614
033615
033617
033618
033619
033620
033621
033624
033625
033626
033627
033628
033629
033630
033632
033635
033636
033637
033639
033640
033641
033644
033646
033647
033648
033650
033651
033652
033654
033655
033656
033658
033659
033660
033661
033663
033664
033665
033666
033669
033670
033674
033676
033678
033679
033680
033682
033684
033687
033688
033689
033690
033691
033692
033695
033696
033697
033698
033699
033701
033704
033705
033707
033709
033711
033712
033713
033714
033715
033717
033718
033719
033720
033722
